provider_code,provider_name,provider_parent_code,provider_parent_name,appears_in_ae,appears_in_rtt
A0C5S,SPAMEDICA GLOUCESTER,QR1,NHS GLOUCESTERSHIRE INTEGRATED CARE BOARD,FALSE,TRUE
A1D1B,SPAMEDICA WEMBLEY,Z9B2Z,NHS WEST AND NORTH LONDON INTEGRATED CARE BOARD,FALSE,TRUE
A1S9E,OPTEGRA EYE HOSPITAL YORK,QOQ,NHS HUMBER AND NORTH YORKSHIRE INTEGRATED CARE BOARD,FALSE,TRUE
A1U4J,SPAMEDICA PORTSMOUTH,QRL,NHS HAMPSHIRE AND ISLE OF WIGHT INTEGRATED CARE BOARD,FALSE,TRUE
A4M8P,BUCKSHAW HOSPITAL,QE1,NHS LANCASHIRE AND SOUTH CUMBRIA INTEGRATED CARE BOARD,FALSE,TRUE
A4Q9X,NEWMEDICA LEICESTER,QK1,"NHS LEICESTER, LEICESTERSHIRE AND RUTLAND INTEGRATED CARE BOARD",FALSE,TRUE
A4Y8X,ACES NOTTINGHAM,QT1,NHS NOTTINGHAM AND NOTTINGHAMSHIRE INTEGRATED CARE BOARD,FALSE,TRUE
A5E1F,OPTEGRA EYE HOSPITAL PRESTON,QE1,NHS LANCASHIRE AND SOUTH CUMBRIA INTEGRATED CARE BOARD,FALSE,TRUE
A6U7U,OPTEGRA EYE HOSPITAL NOTTINGHAM,QT1,NHS NOTTINGHAM AND NOTTINGHAMSHIRE INTEGRATED CARE BOARD,FALSE,TRUE
A8L1O,OPTEGRA EYE HOSPITAL LEICESTER,QK1,"NHS LEICESTER, LEICESTERSHIRE AND RUTLAND INTEGRATED CARE BOARD",FALSE,TRUE
A9P5F,ACES WHITE CITY,Z9B2Z,NHS WEST AND NORTH LONDON INTEGRATED CARE BOARD,FALSE,TRUE
A9T5Y,RSA (ATHENA SURGICAL CENTRE),S1Y5D,NHS CENTRAL EAST INTEGRATED CARE BOARD,FALSE,TRUE
AAH,TETBURY HOSPITAL TRUST LTD,QR1,NHS GLOUCESTERSHIRE INTEGRATED CARE BOARD,TRUE,TRUE
AAV,COMMUNITY HEALTH AND EYECARE LIMITED,QE1,NHS LANCASHIRE AND SOUTH CUMBRIA INTEGRATED CARE BOARD,FALSE,TRUE
ACG08,NEWMEDICA OPHTHALMOLOGY - NUNEATON - CAMP HILL - GP LED HEALTH CENTRE,QWU,NHS COVENTRY AND WARWICKSHIRE INTEGRATED CARE BOARD,FALSE,TRUE
ACG12,NEWMEDICA COMMUNITY OPHTHALMOLOGY - NORTH EAST LINCOLNSHIRE - GRIMSBY,QOQ,NHS HUMBER AND NORTH YORKSHIRE INTEGRATED CARE BOARD,FALSE,TRUE
ACG13,NEWMEDICA - GLOUCESTER (ASPEN MEDICAL CENTRE),QR1,NHS GLOUCESTERSHIRE INTEGRATED CARE BOARD,FALSE,TRUE
ACG19,NEWMEDICA COMMUNITY OPHTHALMOLOGY - LEEDS,QWO,NHS WEST YORKSHIRE INTEGRATED CARE BOARD,FALSE,TRUE
ACG20,NEWMEDICA - BRISTOL - LITFIELD HOUSE,QUY,"NHS BRISTOL, NORTH SOMERSET AND SOUTH GLOUCESTERSHIRE INTEGRATED CARE BOARD",FALSE,TRUE
ACG22,NEWMEDICA - BRIGG - RIVERSIDE SURGERY,QOQ,NHS HUMBER AND NORTH YORKSHIRE INTEGRATED CARE BOARD,FALSE,TRUE
ACG24,NEWMEDICA - TEESSIDE - NORTH ORMESBY,QHM,NHS NORTH EAST AND NORTH CUMBRIA INTEGRATED CARE BOARD,FALSE,TRUE
ACG26,NEWMEDICA - NORTH DERBYSHIRE - MIDLAND COURT,QJ2,NHS DERBY AND DERBYSHIRE INTEGRATED CARE BOARD,FALSE,TRUE
ACG30,NEWMEDICA - WORKSOP - DUKERIES,QT1,NHS NOTTINGHAM AND NOTTINGHAMSHIRE INTEGRATED CARE BOARD,FALSE,TRUE
ACG31,NEWMEDICA - WORCESTER,QGH,NHS HEREFORDSHIRE AND WORCESTERSHIRE INTEGRATED CARE BOARD,FALSE,TRUE
ACG36,NEWMEDICA - EXETER - GLEN HOUSE,QJK,NHS DEVON INTEGRATED CARE BOARD,FALSE,TRUE
ACG37,NEWMEDICA - IPSWICH,T6Y0W,NHS NORFOLK AND SUFFOLK INTEGRATED CARE BOARD,FALSE,TRUE
ACG38,NEWMEDICA - LANGFORD,QUY,"NHS BRISTOL, NORTH SOMERSET AND SOUTH GLOUCESTERSHIRE INTEGRATED CARE BOARD",FALSE,TRUE
ACG40,NEWMEDICA - WAKEFIELD,QWO,NHS WEST YORKSHIRE INTEGRATED CARE BOARD,FALSE,TRUE
ACH01,WHITSTABLE MEDICAL PRACTICE,NA,NHS ENGLAND SOUTH EAST,TRUE,FALSE
ACM,EYE CARE MEDICAL LTD,QYG,NHS CHESHIRE AND MERSEYSIDE INTEGRATED CARE BOARD,FALSE,TRUE
AD913,BECKENHAM BEACON UCC,NA,NHS ENGLAND LONDON,TRUE,FALSE
ADP02,KIMS HOSPITAL (NEWNHAM COURT),QKS,NHS KENT AND MEDWAY INTEGRATED CARE BOARD,FALSE,TRUE
AHP,ST MICHAEL'S CLINIC LIMITED,QOC,"NHS SHROPSHIRE, TELFORD AND WREKIN INTEGRATED CARE BOARD",FALSE,TRUE
AJ8,THE GRANGE MEDICAL CENTRE HQ,QWO,NHS WEST YORKSHIRE INTEGRATED CARE BOARD,FALSE,TRUE
AJN,WORKINGTON HEALTH LIMITED,NA,NHS ENGLAND NORTH EAST AND YORKSHIRE,TRUE,FALSE
AQK,VERNOVA HEALTHCARE COMMUNITY INTEREST COMPANY,QYG,NHS CHESHIRE AND MERSEYSIDE INTEGRATED CARE BOARD,FALSE,TRUE
AQM01,FAVERSHAM MEDICAL PRACTICE MIU,NA,NHS ENGLAND SOUTH EAST,TRUE,FALSE
AQN04,PHL LYMINGTON UTC,NA,NHS ENGLAND SOUTH EAST,TRUE,FALSE
ARN03,LOCAL CARE DIRECT,NA,NHS ENGLAND NORTH EAST AND YORKSHIRE,TRUE,FALSE
AVQ01,ONE ASHFORD HOSPITAL,QKS,NHS KENT AND MEDWAY INTEGRATED CARE BOARD,FALSE,TRUE
AVQ03,ONE HATFIELD HOSPITAL,S1Y5D,NHS CENTRAL EAST INTEGRATED CARE BOARD,FALSE,TRUE
AW7,REGENCY EYE HOSPITAL,QOP,NHS GREATER MANCHESTER INTEGRATED CARE BOARD,FALSE,TRUE
AWR,ONE STOP DOCTORS LIMITED,S1Y5D,NHS CENTRAL EAST INTEGRATED CARE BOARD,FALSE,TRUE
AY1,MEDEFER,Z9B2Z,NHS WEST AND NORTH LONDON INTEGRATED CARE BOARD,FALSE,TRUE
B1A5K,NEWMEDICA - NOTTINGHAM,QT1,NHS NOTTINGHAM AND NOTTINGHAMSHIRE INTEGRATED CARE BOARD,FALSE,TRUE
B3M1X,CLAREMONT PRIVATE HOSPITAL,QF7,NHS SOUTH YORKSHIRE INTEGRATED CARE BOARD,FALSE,TRUE
B4N1U,SPAMEDICA ROMFORD,QMF,NHS NORTH EAST LONDON INTEGRATED CARE BOARD,FALSE,TRUE
B5M7B,NEWMEDICA - NORWICH,T6Y0W,NHS NORFOLK AND SUFFOLK INTEGRATED CARE BOARD,FALSE,TRUE
B6Z0N,OPTEGRA EYE HOSPITAL UTTOXETER,QNC,NHS STAFFORDSHIRE AND STOKE-ON-TRENT INTEGRATED CARE BOARD,FALSE,TRUE
B9J4U,SPAMEDICA PETERBOROUGH,S1Y5D,NHS CENTRAL EAST INTEGRATED CARE BOARD,FALSE,TRUE
B9M3W,SPAMEDICA SOUTHAMPTON,QRL,NHS HAMPSHIRE AND ISLE OF WIGHT INTEGRATED CARE BOARD,FALSE,TRUE
C3Y0A,SPAMEDICA BLACKPOOL,QE1,NHS LANCASHIRE AND SOUTH CUMBRIA INTEGRATED CARE BOARD,FALSE,TRUE
C5Y9L,NEWMEDICA - BERKSHIRE - BRACKNELL,S0E4D,NHS THAMES VALLEY INTEGRATED CARE BOARD,FALSE,TRUE
C82009,MARKET HARBOROUGH MED.CTR,NA,NHS ENGLAND MIDLANDS,TRUE,FALSE
C82038,LATHAM HOUSE MEDICAL PRACTICE,NA,NHS ENGLAND MIDLANDS,TRUE,FALSE
C83023,SLEAFORD MEDICAL GROUP,NA,NHS ENGLAND MIDLANDS,TRUE,FALSE
C9A7J,NEWMEDICA - BRADFORD & HUDDERSFIELD,QWO,NHS WEST YORKSHIRE INTEGRATED CARE BOARD,FALSE,TRUE
D0V5X,NEWMEDICA - SWINDON MURDOCK ROAD,QOX,"NHS BATH AND NORTH EAST SOMERSET, SWINDON AND WILTSHIRE INTEGRATED CARE BOARD",FALSE,TRUE
D0Y2J,OPTEGRA AT HAVANT HEALTH CENTRE (HAVANT),QRL,NHS HAMPSHIRE AND ISLE OF WIGHT INTEGRATED CARE BOARD,FALSE,TRUE
D1V5N,ACES BOLTON,QOP,NHS GREATER MANCHESTER INTEGRATED CARE BOARD,FALSE,TRUE
D2L5T,ACES LIVERPOOL,QYG,NHS CHESHIRE AND MERSEYSIDE INTEGRATED CARE BOARD,FALSE,TRUE
D3O0Z,PLYMOUTH NEWMEDICA LTD,QJK,NHS DEVON INTEGRATED CARE BOARD,FALSE,TRUE
D3R0C,ACES CARLISLE,QHM,NHS NORTH EAST AND NORTH CUMBRIA INTEGRATED CARE BOARD,FALSE,TRUE
D5P5H,SPAMEDICA BEXHILL,S9B9J,NHS SURREY AND SUSSEX INTEGRATED CARE BOARD,FALSE,TRUE
D9E5L,OPTEGRA EYE HOSPITAL BRIGHTON,S9B9J,NHS SURREY AND SUSSEX INTEGRATED CARE BOARD,FALSE,TRUE
DFQ,NORWICH & NORFOLK SURGICAL LTD (N2S),T6Y0W,NHS NORFOLK AND SUFFOLK INTEGRATED CARE BOARD,FALSE,TRUE
DFY01,COTSWOLDS SURGICAL PARTNERS,QOX,"NHS BATH AND NORTH EAST SOMERSET, SWINDON AND WILTSHIRE INTEGRATED CARE BOARD",FALSE,TRUE
DJH01,THE ROYAL BUCKINGHAMSHIRE HOSPITAL LTD,S0E4D,NHS THAMES VALLEY INTEGRATED CARE BOARD,FALSE,TRUE
DJV01,HERNE BAY HEALTH CARE LTD,NA,NHS ENGLAND SOUTH EAST,TRUE,FALSE
DPK,THE STONEYGATE EYE HOSPITAL,QK1,"NHS LEICESTER, LEICESTERSHIRE AND RUTLAND INTEGRATED CARE BOARD",FALSE,TRUE
DT301,HERTS URGENT CARE (ASCOTS LANE),NA,NHS ENGLAND EAST OF ENGLAND,TRUE,FALSE
DTT,PHOENIX PUBLIC HEALTH LTD,QYG,NHS CHESHIRE AND MERSEYSIDE INTEGRATED CARE BOARD,FALSE,TRUE
DX1,THE NEW FOSCOTE HOSPITAL LTD,Z9B2Z,NHS WEST AND NORTH LONDON INTEGRATED CARE BOARD,FALSE,TRUE
DXN,MODALITY LLP,QUA,NHS BLACK COUNTRY INTEGRATED CARE BOARD,FALSE,TRUE
DXV,OMNES HEALTHCARE LTD,QOP,NHS GREATER MANCHESTER INTEGRATED CARE BOARD,FALSE,TRUE
E1U4T,SPAMEDICA CARLISLE,QHM,NHS NORTH EAST AND NORTH CUMBRIA INTEGRATED CARE BOARD,FALSE,TRUE
E3D4A,SPAMEDICA TRURO,QT6,NHS CORNWALL AND THE ISLES OF SCILLY INTEGRATED CARE BOARD,FALSE,TRUE
E4K5T,OPTEGRA EYE HOSPITAL NEWCASTLE,QHM,NHS NORTH EAST AND NORTH CUMBRIA INTEGRATED CARE BOARD,FALSE,TRUE
E6F9I,ACES BRADFORD,QWO,NHS WEST YORKSHIRE INTEGRATED CARE BOARD,FALSE,TRUE
F0R0W,NEWMEDICA - DARLINGTON,QHM,NHS NORTH EAST AND NORTH CUMBRIA INTEGRATED CARE BOARD,FALSE,TRUE
F1Y1H,NEWMEDICA - CHESHIRE OAKS,QYG,NHS CHESHIRE AND MERSEYSIDE INTEGRATED CARE BOARD,FALSE,TRUE
F2C9F,ACES HARLEY STREET,Z9B2Z,NHS WEST AND NORTH LONDON INTEGRATED CARE BOARD,FALSE,TRUE
F4B0R,SPAMEDICA GUILDFORD,S9B9J,NHS SURREY AND SUSSEX INTEGRATED CARE BOARD,FALSE,TRUE
F7B2B,ANGLIA COMMUNITY EYE SERVICE - BURY ST EDMUNDS,T6Y0W,NHS NORFOLK AND SUFFOLK INTEGRATED CARE BOARD,FALSE,TRUE
F7F6D,NEWMEDICA - HERTFORSHIRE - WELWYN GARDEN CITY,S1Y5D,NHS CENTRAL EAST INTEGRATED CARE BOARD,FALSE,TRUE
F9Z4V,CIRCLE READING HOSPITAL,S0E4D,NHS THAMES VALLEY INTEGRATED CARE BOARD,FALSE,TRUE
G0Q0L,BARKING HOSPITAL UTC,NA,NHS ENGLAND LONDON,TRUE,FALSE
G3E7R,OPTEGRA EYE HOSPITAL MAIDSTONE,QKS,NHS KENT AND MEDWAY INTEGRATED CARE BOARD,FALSE,TRUE
G3O5P,SPAMEDICA NEWARK,QT1,NHS NOTTINGHAM AND NOTTINGHAMSHIRE INTEGRATED CARE BOARD,FALSE,TRUE
G3P9C,TROWBRIDGE MINOR INJURIES UNIT,NA,NHS ENGLAND SOUTH WEST,TRUE,FALSE
G3Q3Z,NUFFIELD HEALTH HIGHGATE HOSPITAL,Z9B2Z,NHS WEST AND NORTH LONDON INTEGRATED CARE BOARD,FALSE,TRUE
G3Z1Q,SULIS HOSPITAL BATH (FOXCOTE AVENUE),QOX,"NHS BATH AND NORTH EAST SOMERSET, SWINDON AND WILTSHIRE INTEGRATED CARE BOARD",FALSE,TRUE
G4H0I,NEWMEDICA SUFFOLK - BURY ST EDMUNDS - CLARITY HOUSE,T6Y0W,NHS NORFOLK AND SUFFOLK INTEGRATED CARE BOARD,FALSE,TRUE
G5X2Q,SPAMEDICA NORTH TYNESIDE,QHM,NHS NORTH EAST AND NORTH CUMBRIA INTEGRATED CARE BOARD,FALSE,TRUE
G6S7A,SPAMEDICA TAUNTON,QSL,NHS SOMERSET INTEGRATED CARE BOARD,FALSE,TRUE
GEC01,RAPID INVESTIGATION SERVICE,QRL,NHS HAMPSHIRE AND ISLE OF WIGHT INTEGRATED CARE BOARD,FALSE,TRUE
H1T2P,SPAMEDICA SWINDON,QOX,"NHS BATH AND NORTH EAST SOMERSET, SWINDON AND WILTSHIRE INTEGRATED CARE BOARD",FALSE,TRUE
H2K1G,NEWMEDICA - BROMSGROVE,QGH,NHS HEREFORDSHIRE AND WORCESTERSHIRE INTEGRATED CARE BOARD,FALSE,TRUE
H3W7Q,ACES CHELMSFORD,D7T5G,NHS ESSEX INTEGRATED CARE BOARD,FALSE,TRUE
H4I8B,NUFFIELD HEALTH THE HOLLY HOSPITAL,D7T5G,NHS ESSEX INTEGRATED CARE BOARD,FALSE,TRUE
H4J9P,NEWMEDICA AZTEC WEST,QUY,"NHS BRISTOL, NORTH SOMERSET AND SOUTH GLOUCESTERSHIRE INTEGRATED CARE BOARD",FALSE,TRUE
H4Y7F,SPAMEDICA DORCHESTER,QVV,NHS DORSET INTEGRATED CARE BOARD,FALSE,TRUE
H7X1I,ANGLIA COMMUNITY EYE SERVICE - CAMBRIDGE,S1Y5D,NHS CENTRAL EAST INTEGRATED CARE BOARD,FALSE,TRUE
I1H7K,SPAMEDICA SALE,QOP,NHS GREATER MANCHESTER INTEGRATED CARE BOARD,FALSE,TRUE
I2C7H,SPAMEDICA BRADFORD,QWO,NHS WEST YORKSHIRE INTEGRATED CARE BOARD,FALSE,TRUE
I7G8X,ACES NEWCASTLE,QHM,NHS NORTH EAST AND NORTH CUMBRIA INTEGRATED CARE BOARD,FALSE,TRUE
I7Q4A,OPTEGRA EYE HOSPITAL WEST LONDON,Z9B2Z,NHS WEST AND NORTH LONDON INTEGRATED CARE BOARD,FALSE,TRUE
I9A4A,SPAMEDICA BRIGHTON,S9B9J,NHS SURREY AND SUSSEX INTEGRATED CARE BOARD,FALSE,TRUE
J0M7P,SPAMEDICA HEREFORD DIAGNOSTIC AND TREATMENT CENTRE,QGH,NHS HEREFORDSHIRE AND WORCESTERSHIRE INTEGRATED CARE BOARD,FALSE,TRUE
J2H6H,SPAMEDICA COLCHESTER,D7T5G,NHS ESSEX INTEGRATED CARE BOARD,FALSE,TRUE
J3J8Z,NEWMEDICA - OXFORDSHIRE,S0E4D,NHS THAMES VALLEY INTEGRATED CARE BOARD,FALSE,TRUE
J3X4C,SPAMEDICA WORCESTER,QGH,NHS HEREFORDSHIRE AND WORCESTERSHIRE INTEGRATED CARE BOARD,FALSE,TRUE
J7V1N,SPAMEDICA SOLIHULL,QHL,NHS BIRMINGHAM AND SOLIHULL INTEGRATED CARE BOARD,FALSE,TRUE
K3V9U,SPAMEDICA STEVENAGE COMMUNITY DIAGNOSTIC & TREATMENT CENTRE,S1Y5D,NHS CENTRAL EAST INTEGRATED CARE BOARD,FALSE,TRUE
K6K0R,HAROLD WOOD POLYCLINIC UTC,NA,NHS ENGLAND LONDON,TRUE,FALSE
K7J9E,ANGLIA COMMUNITY EYE SERVICE - NORWICH,T6Y0W,NHS NORFOLK AND SUFFOLK INTEGRATED CARE BOARD,FALSE,TRUE
K8I4X,GLENDON WOOD HOSPITAL,QPM,NHS NORTHAMPTONSHIRE INTEGRATED CARE BOARD,FALSE,TRUE
K9J3O,SPAMEDICA LUTON,S1Y5D,NHS CENTRAL EAST INTEGRATED CARE BOARD,FALSE,TRUE
L0D9W,NEWMEDICA - GLOUCESTER (BRIGHOUSE COURT),QR1,NHS GLOUCESTERSHIRE INTEGRATED CARE BOARD,FALSE,TRUE
L4R3R,NEWMEDICA - HAMPSHIRE,QRL,NHS HAMPSHIRE AND ISLE OF WIGHT INTEGRATED CARE BOARD,FALSE,TRUE
L6O7H,SPAMEDICA POOLE,QVV,NHS DORSET INTEGRATED CARE BOARD,FALSE,TRUE
L83087,OKEHAMPTON MEDICAL CENTRE,NA,NHS ENGLAND SOUTH WEST,TRUE,FALSE
L9D3Z,SPAMEDICA LEICESTER,QK1,"NHS LEICESTER, LEICESTERSHIRE AND RUTLAND INTEGRATED CARE BOARD",FALSE,TRUE
M0N7E,SPAMEDICA SITTINGBOURNE,QKS,NHS KENT AND MEDWAY INTEGRATED CARE BOARD,FALSE,TRUE
M2O7D,OPTEGRA EYE HOSPITAL COLCHESTER,D7T5G,NHS ESSEX INTEGRATED CARE BOARD,FALSE,TRUE
M2Y6D,PRACTICE PLUS GROUP HOSPITAL BIRMINGHAM,QHL,NHS BIRMINGHAM AND SOLIHULL INTEGRATED CARE BOARD,FALSE,TRUE
M3R0W,SPAMEDICA NORWICH,T6Y0W,NHS NORFOLK AND SUFFOLK INTEGRATED CARE BOARD,FALSE,TRUE
M4C5R,NEWMEDICA - NORTHAMPTON,QPM,NHS NORTHAMPTONSHIRE INTEGRATED CARE BOARD,FALSE,TRUE
M5E1S,SPAMEDICA EXETER,QJK,NHS DEVON INTEGRATED CARE BOARD,FALSE,TRUE
M6L9D,NEWMEDICA - NOTTINGHAM - KEYWORTH,QT1,NHS NOTTINGHAM AND NOTTINGHAMSHIRE INTEGRATED CARE BOARD,FALSE,TRUE
M7C9Q,SPAMEDICA EPSOM,S9B9J,NHS SURREY AND SUSSEX INTEGRATED CARE BOARD,FALSE,TRUE
M9U8M,ENDOCARE DIAGNOSTICS LTD,QOP,NHS GREATER MANCHESTER INTEGRATED CARE BOARD,FALSE,TRUE
N1L8R,ACES MANCHESTER ST JOHNS STREET,QOP,NHS GREATER MANCHESTER INTEGRATED CARE BOARD,FALSE,TRUE
N1M9Z,ACES EXETER,QJK,NHS DEVON INTEGRATED CARE BOARD,FALSE,TRUE
N1N0Y,SPAMEDICA CROYDON,QWE,NHS SOUTH WEST LONDON INTEGRATED CARE BOARD,FALSE,TRUE
N3I9D,SPAMEDICA IPSWICH DIAGNOSTIC & TREATMENT CENTRE,T6Y0W,NHS NORFOLK AND SUFFOLK INTEGRATED CARE BOARD,FALSE,TRUE
N6Z0R,NEWMEDICA - LINCOLN,QJM,NHS LINCOLNSHIRE INTEGRATED CARE BOARD,FALSE,TRUE
N8R1N,NEWMEDICA - BERKSHIRE,S0E4D,NHS THAMES VALLEY INTEGRATED CARE BOARD,FALSE,TRUE
N8Z8E,ACES TORQUAY,QJK,NHS DEVON INTEGRATED CARE BOARD,FALSE,TRUE
NAM01,PROBUS SURGICAL CENTRE,QT6,NHS CORNWALL AND THE ISLES OF SCILLY INTEGRATED CARE BOARD,FALSE,TRUE
NCN,DMC HEALTHCARE,QKK,NHS SOUTH EAST LONDON INTEGRATED CARE BOARD,FALSE,TRUE
NCR,ISIGHT,QYG,NHS CHESHIRE AND MERSEYSIDE INTEGRATED CARE BOARD,FALSE,TRUE
NDJ,FIRST COMMUNITY HEALTH AND CARE CIC,S9B9J,NHS SURREY AND SUSSEX INTEGRATED CARE BOARD,TRUE,TRUE
NEQ,PHOENIX HEALTH SOLUTIONS LIMITED HQ,QWO,NHS WEST YORKSHIRE INTEGRATED CARE BOARD,FALSE,TRUE
NEY,PIONEER HEALTHCARE LIMITED,QRL,NHS SOUTH YORKSHIRE INTEGRATED CARE BOARD,FALSE,TRUE
NFH,SOMERSET SURGICAL SERVICES HQ,QUY,"NHS BRISTOL, NORTH SOMERSET AND SOUTH GLOUCESTERSHIRE INTEGRATED CARE BOARD",FALSE,TRUE
NHW,STANDARD HEALTH LTD,Z9B2Z,NHS WEST AND NORTH LONDON INTEGRATED CARE BOARD,FALSE,TRUE
NID,THE LIVING CARE GROUP,QWO,NHS WEST YORKSHIRE INTEGRATED CARE BOARD,FALSE,TRUE
NL3,CARE PLUS GROUP,QOQ,NHS HUMBER AND NORTH YORKSHIRE INTEGRATED CARE BOARD,FALSE,TRUE
NL8,LOCALA COMMUNITY PARTNERSHIPS CIC,QWO,NHS WEST YORKSHIRE INTEGRATED CARE BOARD,FALSE,TRUE
NLE01,LANCASTER HOUSE CONSULTING DIAGNOSTICS SURGICAL LTD HQ,QOP,NHS GREATER MANCHESTER INTEGRATED CARE BOARD,FALSE,TRUE
NLG,COMMUNITAS CLINICS,QWE,NHS SOUTH WEST LONDON INTEGRATED CARE BOARD,FALSE,TRUE
NLX,SIRONA CARE & HEALTH,QUY,"NHS BRISTOL, NORTH SOMERSET AND SOUTH GLOUCESTERSHIRE INTEGRATED CARE BOARD",TRUE,TRUE
NMG,CORA HEALTH MSK (FORMERLY CONNECT HEALTH LTD),QHM,NHS NORTH EAST AND NORTH CUMBRIA INTEGRATED CARE BOARD,FALSE,TRUE
NN4,TYNESIDE SURGICAL SERVICES LTD,QHM,NHS NORTH EAST AND NORTH CUMBRIA INTEGRATED CARE BOARD,FALSE,TRUE
NN5,MANCHESTER SURGICAL SERVICES LTD,QOP,NHS GREATER MANCHESTER INTEGRATED CARE BOARD,FALSE,TRUE
NN8,SPENCER PRIVATE HOSPITALS LTD,QKS,NHS KENT AND MEDWAY INTEGRATED CARE BOARD,FALSE,TRUE
NNE,DORKING HEALTHCARE LIMITED (DHC),S9B9J,NHS SURREY AND SUSSEX INTEGRATED CARE BOARD,FALSE,TRUE
NNF09,BRANSHOLME HEALTH CENTRE,NA,NHS ENGLAND NORTH EAST AND YORKSHIRE,TRUE,FALSE
NNF16,BRIDLINGTON HOSPITAL,NA,NHS ENGLAND NORTH EAST AND YORKSHIRE,TRUE,FALSE
NNF94,EAST RIDING COMMUNITY HOSPITAL,NA,NHS ENGLAND NORTH EAST AND YORKSHIRE,TRUE,FALSE
NNFA7,GOOLE & DISTRICT HOSPITAL,NA,NHS ENGLAND NORTH EAST AND YORKSHIRE,TRUE,FALSE
NNH02,OPTEGRA YORKSHIRE EYE HOSPITAL,QWO,NHS WEST YORKSHIRE INTEGRATED CARE BOARD,FALSE,TRUE
NNH03,OPTEGRA (SURREY EYE HOSPITAL),S9B9J,NHS SURREY AND SUSSEX INTEGRATED CARE BOARD,FALSE,TRUE
NNH04,OPTEGRA (MANCHESTER EYE HOSPITAL),QOP,NHS GREATER MANCHESTER INTEGRATED CARE BOARD,FALSE,TRUE
NNH05,OPTEGRA (BIRMINGHAM EYE HOSPITAL),QHL,NHS BIRMINGHAM AND SOLIHULL INTEGRATED CARE BOARD,FALSE,TRUE
NNH06,OPTEGRA (SOLENT EYE HOSPITAL),QRL,NHS HAMPSHIRE AND ISLE OF WIGHT INTEGRATED CARE BOARD,FALSE,TRUE
NNH07,OPTEGRA LONDON EYE HOSPITAL,Z9B2Z,NHS WEST AND NORTH LONDON INTEGRATED CARE BOARD,FALSE,TRUE
NNJ,DHU HEALTH CARE C.I.C,NA,NHS ENGLAND MIDLANDS,TRUE,FALSE
NNJ07,LOUGHBOROUGH URGENT CARE CENTRE,NA,NHS ENGLAND MIDLANDS,TRUE,FALSE
NNJ0H,LLR EA - THE MERLYN VAZ HEALTH & SOCIAL CARE CENTRE,NA,NHS ENGLAND MIDLANDS,TRUE,FALSE
NNJ10,ENDERBY LEISURE CENTRE,NA,NHS ENGLAND MIDLANDS,TRUE,FALSE
NNJ11,LUTTERWORTH HOSPITAL,NA,NHS ENGLAND MIDLANDS,TRUE,FALSE
NNJ12,MARKET HARBOROUGH,NA,NHS ENGLAND MIDLANDS,TRUE,FALSE
NNJ13,MELTON MOWBRAY,NA,NHS ENGLAND MIDLANDS,TRUE,FALSE
NNJ14,OADBY,NA,NHS ENGLAND MIDLANDS,TRUE,FALSE
NNJ15,RUTLAND MINOR ILLNESS AND INJURY SERVICE (FORMERLY WLHH PRE-APRIL 2026),NA,NHS ENGLAND MIDLANDS,TRUE,FALSE
NP9,BESPOKE HEALTHCARE LTD,QE1,NHS LANCASHIRE AND SOUTH CUMBRIA INTEGRATED CARE BOARD,FALSE,TRUE
NPG01,SPAMEDICA MANCHESTER,QOP,NHS GREATER MANCHESTER INTEGRATED CARE BOARD,FALSE,TRUE
NPG02,SPAMEDICA WIRRAL,QYG,NHS CHESHIRE AND MERSEYSIDE INTEGRATED CARE BOARD,FALSE,TRUE
NPG06,SPAMEDICA LIVERPOOL,QYG,NHS CHESHIRE AND MERSEYSIDE INTEGRATED CARE BOARD,FALSE,TRUE
NPG07,SPAMEDICA EYE HOSPITAL (WAKEFIELD),QWO,NHS WEST YORKSHIRE INTEGRATED CARE BOARD,FALSE,TRUE
NPG08,SPAMEDICA BOLTON,QOP,NHS GREATER MANCHESTER INTEGRATED CARE BOARD,FALSE,TRUE
NPG10,SPAMEDICA SHEFFIELD,QF7,NHS SOUTH YORKSHIRE INTEGRATED CARE BOARD,FALSE,TRUE
NPG11,SPAMEDICA BIRMINGHAM,QHL,NHS BIRMINGHAM AND SOLIHULL INTEGRATED CARE BOARD,FALSE,TRUE
NPG13,SPAMEDICA SKELMERSDALE,QE1,NHS LANCASHIRE AND SOUTH CUMBRIA INTEGRATED CARE BOARD,FALSE,TRUE
NPG14,SPAMEDICA WIDNES,QYG,NHS CHESHIRE AND MERSEYSIDE INTEGRATED CARE BOARD,FALSE,TRUE
NPG15,SPAMEDICA NEWCASTLE-UNDER-LYME,QNC,NHS STAFFORDSHIRE AND STOKE-ON-TRENT INTEGRATED CARE BOARD,FALSE,TRUE
NPG16,SPAMEDICA CHELMSFORD,D7T5G,NHS ESSEX INTEGRATED CARE BOARD,FALSE,TRUE
NPG17,SPAMEDICA PRESTON,QE1,NHS LANCASHIRE AND SOUTH CUMBRIA INTEGRATED CARE BOARD,FALSE,TRUE
NPG18,SPAMEDICA HULL,QOQ,NHS HUMBER AND NORTH YORKSHIRE INTEGRATED CARE BOARD,FALSE,TRUE
NPG19,SPAMEDICA BEDFORD,S1Y5D,NHS CENTRAL EAST INTEGRATED CARE BOARD,FALSE,TRUE
NPG20,SPAMEDICA WOLVERHAMPTON,QUA,NHS BLACK COUNTRY INTEGRATED CARE BOARD,FALSE,TRUE
NPG21,SPAMEDICA COVENTRY,QWU,NHS COVENTRY AND WARWICKSHIRE INTEGRATED CARE BOARD,FALSE,TRUE
NPG22,SPAMEDICA STOCKTON-ON-TEES,QHM,NHS NORTH EAST AND NORTH CUMBRIA INTEGRATED CARE BOARD,FALSE,TRUE
NPG23,SPAMEDICA DERBY,QJ2,NHS DERBY AND DERBYSHIRE INTEGRATED CARE BOARD,FALSE,TRUE
NPR01,ABOUT HEALTH HQ,QSL,NHS SOMERSET INTEGRATED CARE BOARD,FALSE,TRUE
NQH,NOVUS HEALTH LTD,QWO,NHS WEST YORKSHIRE INTEGRATED CARE BOARD,FALSE,TRUE
NQM01,ORTHOPAEDICS & SPINE SPECIALIST HOSPITAL SITE,S1Y5D,NHS CENTRAL EAST INTEGRATED CARE BOARD,FALSE,TRUE
NQT1I,CHIPPENHAM COMMUNITY HOSPITAL,NA,NHS ENGLAND SOUTH WEST,TRUE,FALSE
NQT5F,SKELMERSDALE WALK IN CENTRE,NA,NHS ENGLAND NORTH WEST,TRUE,FALSE
NQT5H,PAULTON MEMORIAL HOSPITAL,NA,NHS ENGLAND SOUTH WEST,TRUE,FALSE
NQT5K,ST MARTINS HOSPITAL,QOX,"NHS BATH AND NORTH EAST SOMERSET, SWINDON AND WILTSHIRE INTEGRATED CARE BOARD",FALSE,TRUE
NQX,PROVIDE ENTERPRISES,D7T5G,NHS ESSEX INTEGRATED CARE BOARD,FALSE,TRUE
NR5,LIVEWELL SOUTHWEST,QJK,NHS DEVON INTEGRATED CARE BOARD,FALSE,TRUE
NRF,UNIVERSITY OF SOUTHAMPTON AUDITORY IMPLANT SERVICE,QRL,NHS HAMPSHIRE AND ISLE OF WIGHT INTEGRATED CARE BOARD,FALSE,TRUE
NRL,HEART NETWORKS,QOP,NHS GREATER MANCHESTER INTEGRATED CARE BOARD,FALSE,TRUE
NRP,BEACON MEDICAL SERVICES GROUP LIMITED,QOP,NHS GREATER MANCHESTER INTEGRATED CARE BOARD,FALSE,TRUE
NT202,"NUFFIELD HEALTH, BOURNEMOUTH HOSPITAL",QVV,NHS DORSET INTEGRATED CARE BOARD,FALSE,TRUE
NT204,"NUFFIELD HEALTH, BRENTWOOD HOSPITAL",D7T5G,NHS ESSEX INTEGRATED CARE BOARD,FALSE,TRUE
NT205,"NUFFIELD HEALTH, BRIGHTON HOSPITAL",S9B9J,NHS SURREY AND SUSSEX INTEGRATED CARE BOARD,FALSE,TRUE
NT206,"NUFFIELD HEALTH, BRISTOL HOSPITAL (CHESTERFIELD)",QUY,"NHS BRISTOL, NORTH SOMERSET AND SOUTH GLOUCESTERSHIRE INTEGRATED CARE BOARD",FALSE,TRUE
NT209,"NUFFIELD HEALTH, CAMBRIDGE HOSPITAL",S1Y5D,NHS CENTRAL EAST INTEGRATED CARE BOARD,FALSE,TRUE
NT210,"NUFFIELD HEALTH, THE GROSVENOR HOSPITAL, CHESTER",QYG,NHS CHESHIRE AND MERSEYSIDE INTEGRATED CARE BOARD,FALSE,TRUE
NT211,"NUFFIELD HEALTH, CHELTENHAM HOSPITAL",QR1,NHS GLOUCESTERSHIRE INTEGRATED CARE BOARD,FALSE,TRUE
NT212,"NUFFIELD HEALTH, CHICHESTER HOSPITAL",S9B9J,NHS SURREY AND SUSSEX INTEGRATED CARE BOARD,FALSE,TRUE
NT213,"NUFFIELD HEALTH, DERBY HOSPITAL",QJ2,NHS DERBY AND DERBYSHIRE INTEGRATED CARE BOARD,FALSE,TRUE
NT214,"NUFFIELD HEALTH, WESSEX HOSPITAL",QRL,NHS HAMPSHIRE AND ISLE OF WIGHT INTEGRATED CARE BOARD,FALSE,TRUE
NT215,"NUFFIELD HEALTH, EXETER HOSPITAL",QJK,NHS DEVON INTEGRATED CARE BOARD,FALSE,TRUE
NT216,"NUFFIELD HEALTH, GUILDFORD HOSPITAL",S9B9J,NHS SURREY AND SUSSEX INTEGRATED CARE BOARD,FALSE,TRUE
NT218,"NUFFIELD HEALTH, HAYWARDS HEATH HOSPITAL",S9B9J,NHS SURREY AND SUSSEX INTEGRATED CARE BOARD,FALSE,TRUE
NT219,"NUFFIELD HEALTH, HEREFORD HOSPITAL",QGH,NHS HEREFORDSHIRE AND WORCESTERSHIRE INTEGRATED CARE BOARD,FALSE,TRUE
NT224,"NUFFIELD HEALTH, WARWICKSHIRE HOSPITAL",QWU,NHS COVENTRY AND WARWICKSHIRE INTEGRATED CARE BOARD,FALSE,TRUE
NT226,"NUFFIELD HEALTH, LEICESTER HOSPITAL",QK1,"NHS LEICESTER, LEICESTERSHIRE AND RUTLAND INTEGRATED CARE BOARD",FALSE,TRUE
NT229,"NUFFIELD HEALTH, NEWCASTLE UPON TYNE HOSPITAL",QHM,NHS NORTH EAST AND NORTH CUMBRIA INTEGRATED CARE BOARD,FALSE,TRUE
NT230,"NUFFIELD HEALTH, NORTH STAFFORDSHIRE HOSPITAL",QNC,NHS STAFFORDSHIRE AND STOKE-ON-TRENT INTEGRATED CARE BOARD,FALSE,TRUE
NT233,"NUFFIELD HEALTH, PLYMOUTH HOSPITAL",QJK,NHS DEVON INTEGRATED CARE BOARD,FALSE,TRUE
NT235,"NUFFIELD HEALTH, SHREWSBURY HOSPITAL",QOC,"NHS SHROPSHIRE, TELFORD AND WREKIN INTEGRATED CARE BOARD",FALSE,TRUE
NT237,"NUFFIELD HEALTH, TEES HOSPITAL",QHM,NHS NORTH EAST AND NORTH CUMBRIA INTEGRATED CARE BOARD,FALSE,TRUE
NT238,"NUFFIELD HEALTH, TAUNTON HOSPITAL",QSL,NHS SOMERSET INTEGRATED CARE BOARD,FALSE,TRUE
NT239,"NUFFIELD HEALTH, TUNBRIDGE WELLS HOSPITAL",QKS,NHS KENT AND MEDWAY INTEGRATED CARE BOARD,FALSE,TRUE
NT241,"NUFFIELD HEALTH, WOKING HOSPITAL",S9B9J,NHS SURREY AND SUSSEX INTEGRATED CARE BOARD,FALSE,TRUE
NT242,"NUFFIELD HEALTH, WOLVERHAMPTON HOSPITAL",QUA,NHS BLACK COUNTRY INTEGRATED CARE BOARD,FALSE,TRUE
NT244,NUFFIELD HOSPITAL OXFORD (THE MANOR),S0E4D,NHS THAMES VALLEY INTEGRATED CARE BOARD,FALSE,TRUE
NT245,"NUFFIELD HEALTH, YORK HOSPITAL",QOQ,NHS HUMBER AND NORTH YORKSHIRE INTEGRATED CARE BOARD,FALSE,TRUE
NT301,SPIRE SOUTH BANK HOSPITAL,QGH,NHS HEREFORDSHIRE AND WORCESTERSHIRE INTEGRATED CARE BOARD,FALSE,TRUE
NT302,SPIRE BRISTOL HOSPITAL,QUY,"NHS BRISTOL, NORTH SOMERSET AND SOUTH GLOUCESTERSHIRE INTEGRATED CARE BOARD",FALSE,TRUE
NT304,SPIRE SOUTHAMPTON HOSPITAL,QRL,NHS HAMPSHIRE AND ISLE OF WIGHT INTEGRATED CARE BOARD,FALSE,TRUE
NT305,SPIRE PORTSMOUTH HOSPITAL,QRL,NHS HAMPSHIRE AND ISLE OF WIGHT INTEGRATED CARE BOARD,FALSE,TRUE
NT308,SPIRE GATWICK PARK HOSPITAL,S9B9J,NHS SURREY AND SUSSEX INTEGRATED CARE BOARD,FALSE,TRUE
NT30A,SPIRE NOTTINGHAM HOSPITAL,QT1,NHS NOTTINGHAM AND NOTTINGHAMSHIRE INTEGRATED CARE BOARD,FALSE,TRUE
NT312,SPIRE ALEXANDRA HOSPITAL,QKS,NHS KENT AND MEDWAY INTEGRATED CARE BOARD,FALSE,TRUE
NT313,SPIRE WELLESLEY HOSPITAL,D7T5G,NHS ESSEX INTEGRATED CARE BOARD,FALSE,TRUE
NT314,SPIRE LONDON EAST,QMF,NHS NORTH EAST LONDON INTEGRATED CARE BOARD,FALSE,TRUE
NT315,SPIRE BUSHEY HOSPITAL,S1Y5D,NHS CENTRAL EAST INTEGRATED CARE BOARD,FALSE,TRUE
NT316,SPIRE HARPENDEN HOSPITAL,S1Y5D,NHS CENTRAL EAST INTEGRATED CARE BOARD,FALSE,TRUE
NT317,SPIRE CAMBRIDGE LEA HOSPITAL,S1Y5D,NHS CENTRAL EAST INTEGRATED CARE BOARD,FALSE,TRUE
NT318,SPIRE NORWICH HOSPITAL,T6Y0W,NHS NORFOLK AND SUFFOLK INTEGRATED CARE BOARD,FALSE,TRUE
NT319,SPIRE HARTSWOOD HOSPITAL,D7T5G,NHS ESSEX INTEGRATED CARE BOARD,FALSE,TRUE
NT320,SPIRE PARKWAY HOSPITAL,QHL,NHS BIRMINGHAM AND SOLIHULL INTEGRATED CARE BOARD,FALSE,TRUE
NT321,SPIRE LITTLE ASTON HOSPITAL,QNC,NHS STAFFORDSHIRE AND STOKE-ON-TRENT INTEGRATED CARE BOARD,FALSE,TRUE
NT322,SPIRE LEICESTER HOSPITAL,QK1,"NHS LEICESTER, LEICESTERSHIRE AND RUTLAND INTEGRATED CARE BOARD",FALSE,TRUE
NT324,SPIRE CHESHIRE HOSPITAL,QYG,NHS CHESHIRE AND MERSEYSIDE INTEGRATED CARE BOARD,FALSE,TRUE
NT325,SPIRE MURRAYFIELD HOSPITAL,QYG,NHS CHESHIRE AND MERSEYSIDE INTEGRATED CARE BOARD,FALSE,TRUE
NT327,SPIRE MANCHESTER HOSPITAL,QOP,NHS GREATER MANCHESTER INTEGRATED CARE BOARD,FALSE,TRUE
NT332,SPIRE LEEDS HOSPITAL,QWO,NHS WEST YORKSHIRE INTEGRATED CARE BOARD,FALSE,TRUE
NT333,SPIRE WASHINGTON HOSPITAL,QHM,NHS NORTH EAST AND NORTH CUMBRIA INTEGRATED CARE BOARD,FALSE,TRUE
NT337,SPIRE LIVERPOOL HOSPITAL,QYG,NHS CHESHIRE AND MERSEYSIDE INTEGRATED CARE BOARD,FALSE,TRUE
NT339,SPIRE REGENCY HOSPITAL,QYG,NHS CHESHIRE AND MERSEYSIDE INTEGRATED CARE BOARD,FALSE,TRUE
NT343,SPIRE THAMES VALLEY HOSPITAL,S0E4D,NHS THAMES VALLEY INTEGRATED CARE BOARD,FALSE,TRUE
NT344,SPIRE DUNEDIN HOSPITAL,S0E4D,NHS THAMES VALLEY INTEGRATED CARE BOARD,FALSE,TRUE
NT345,SPIRE CLARE PARK HOSPITAL,QRL,NHS HAMPSHIRE AND ISLE OF WIGHT INTEGRATED CARE BOARD,FALSE,TRUE
NT347,SPIRE FYLDE COAST HOSPITAL,QE1,NHS LANCASHIRE AND SOUTH CUMBRIA INTEGRATED CARE BOARD,FALSE,TRUE
NT348,SPIRE ELLAND HOSPITAL,QWO,NHS WEST YORKSHIRE INTEGRATED CARE BOARD,FALSE,TRUE
NT350,SPIRE METHLEY PARK HOSPITAL,QWO,NHS WEST YORKSHIRE INTEGRATED CARE BOARD,FALSE,TRUE
NT351,SPIRE HULL AND EAST RIDING HOSPITAL,QOQ,NHS HUMBER AND NORTH YORKSHIRE INTEGRATED CARE BOARD,FALSE,TRUE
NT364,SPIRE MONTEFIORE HOSPITAL,S9B9J,NHS SURREY AND SUSSEX INTEGRATED CARE BOARD,FALSE,TRUE
NT3X3,SPIRE ST ANTHONY'S HOSPITAL,QWE,NHS SOUTH WEST LONDON INTEGRATED CARE BOARD,FALSE,TRUE
NT401,ALEXANDRA HOSPITAL,QOP,NHS GREATER MANCHESTER INTEGRATED CARE BOARD,FALSE,TRUE
NT402,BATH CLINIC,QOX,"NHS BATH AND NORTH EAST SOMERSET, SWINDON AND WILTSHIRE INTEGRATED CARE BOARD",FALSE,TRUE
NT403,BEARDWOOD HOSPITAL,QE1,NHS LANCASHIRE AND SOUTH CUMBRIA INTEGRATED CARE BOARD,FALSE,TRUE
NT404,BEAUMONT HOSPITAL,QOP,NHS GREATER MANCHESTER INTEGRATED CARE BOARD,FALSE,TRUE
NT405,BISHOPS WOOD HOSPITAL,Z9B2Z,NHS WEST AND NORTH LONDON INTEGRATED CARE BOARD,FALSE,TRUE
NT406,BLACKHEATH HOSPITAL,QKK,NHS SOUTH EAST LONDON INTEGRATED CARE BOARD,FALSE,TRUE
NT408,CHAUCER HOSPITAL,QKS,NHS KENT AND MEDWAY INTEGRATED CARE BOARD,FALSE,TRUE
NT409,CHELSFIELD PARK HOSPITAL,QKK,NHS SOUTH EAST LONDON INTEGRATED CARE BOARD,FALSE,TRUE
NT410,CHILTERN HOSPITAL,S0E4D,NHS THAMES VALLEY INTEGRATED CARE BOARD,FALSE,TRUE
NT411,CLEMENTINE CHURCHILL HOSPITAL,Z9B2Z,NHS WEST AND NORTH LONDON INTEGRATED CARE BOARD,FALSE,TRUE
NT412,DROITWICH SPA HOSPITAL,QGH,NHS HEREFORDSHIRE AND WORCESTERSHIRE INTEGRATED CARE BOARD,FALSE,TRUE
NT416,HENDON HOSPITAL,Z9B2Z,NHS WEST AND NORTH LONDON INTEGRATED CARE BOARD,FALSE,TRUE
NT417,GORING HALL HOSPITAL,S9B9J,NHS SURREY AND SUSSEX INTEGRATED CARE BOARD,FALSE,TRUE
NT418,HAMPSHIRE CLINIC,QRL,NHS HAMPSHIRE AND ISLE OF WIGHT INTEGRATED CARE BOARD,FALSE,TRUE
NT419,HARBOUR HOSPITAL,QVV,NHS DORSET INTEGRATED CARE BOARD,FALSE,TRUE
NT420,HIGHFIELD HOSPITAL,QOP,NHS GREATER MANCHESTER INTEGRATED CARE BOARD,FALSE,TRUE
NT421,KINGS OAK HOSPITAL,Z9B2Z,NHS WEST AND NORTH LONDON INTEGRATED CARE BOARD,FALSE,TRUE
NT422,LONDON INDEPENDENT HOSPITAL,QMF,NHS NORTH EAST LONDON INTEGRATED CARE BOARD,FALSE,TRUE
NT423,MANOR HOSPITAL,S1Y5D,NHS CENTRAL EAST INTEGRATED CARE BOARD,FALSE,TRUE
NT424,MERIDEN HOSPITAL,QWU,NHS COVENTRY AND WARWICKSHIRE INTEGRATED CARE BOARD,FALSE,TRUE
NT427,PARK HOSPITAL,QT1,NHS NOTTINGHAM AND NOTTINGHAMSHIRE INTEGRATED CARE BOARD,FALSE,TRUE
NT428,PRINCESS MARGARET HOSPITAL,S0E4D,NHS THAMES VALLEY INTEGRATED CARE BOARD,FALSE,TRUE
NT429,PRIORY HOSPITAL,QHL,NHS BIRMINGHAM AND SOLIHULL INTEGRATED CARE BOARD,FALSE,TRUE
NT430,RIDGEWAY HOSPITAL,QOX,"NHS BATH AND NORTH EAST SOMERSET, SWINDON AND WILTSHIRE INTEGRATED CARE BOARD",FALSE,TRUE
NT431,RUNNYMEDE HOSPITAL,S9B9J,NHS SURREY AND SUSSEX INTEGRATED CARE BOARD,FALSE,TRUE
NT433,SARUM ROAD HOSPITAL,QRL,NHS HAMPSHIRE AND ISLE OF WIGHT INTEGRATED CARE BOARD,FALSE,TRUE
NT434,SAXON CLINIC,S1Y5D,NHS CENTRAL EAST INTEGRATED CARE BOARD,FALSE,TRUE
NT435,SHELBURNE HOSPITAL,S0E4D,NHS THAMES VALLEY INTEGRATED CARE BOARD,FALSE,TRUE
NT436,SHIRLEY OAKS HOSPITAL,QWE,NHS SOUTH WEST LONDON INTEGRATED CARE BOARD,FALSE,TRUE
NT437,SLOANE HOSPITAL,QKK,NHS SOUTH EAST LONDON INTEGRATED CARE BOARD,FALSE,TRUE
NT440,THORNBURY HOSPITAL,QF7,NHS SOUTH YORKSHIRE INTEGRATED CARE BOARD,FALSE,TRUE
NT441,THREE SHIRES HOSPITAL,QPM,NHS NORTHAMPTONSHIRE INTEGRATED CARE BOARD,FALSE,TRUE
NT443,WINTERBOURNE HOSPITAL,QVV,NHS DORSET INTEGRATED CARE BOARD,FALSE,TRUE
NT445,EDGBASTON HOSPITAL,QHL,NHS BIRMINGHAM AND SOLIHULL INTEGRATED CARE BOARD,FALSE,TRUE
NT446,ST EDMUNDS HOSPITAL,T6Y0W,NHS NORFOLK AND SUFFOLK INTEGRATED CARE BOARD,FALSE,TRUE
NT447,DUCHY HOSPITAL,QOQ,NHS HUMBER AND NORTH YORKSHIRE INTEGRATED CARE BOARD,FALSE,TRUE
NT448,HUDDERSFIELD PRIVATE HOSPITAL,QWO,NHS WEST YORKSHIRE INTEGRATED CARE BOARD,FALSE,TRUE
NT449,LANCASTER PRIVATE HOSPITAL,QE1,NHS LANCASHIRE AND SOUTH CUMBRIA INTEGRATED CARE BOARD,FALSE,TRUE
NT450,LINCOLN PRIVATE HOSPITAL,QJM,NHS LINCOLNSHIRE INTEGRATED CARE BOARD,FALSE,TRUE
NT451,CAVELL HOSPITAL,Z9B2Z,NHS WEST AND NORTH LONDON INTEGRATED CARE BOARD,FALSE,TRUE
NT455,MOUNT ALVERNIA HOSPITAL,S9B9J,NHS SURREY AND SUSSEX INTEGRATED CARE BOARD,FALSE,TRUE
NT457,WOODLANDS HOSPITAL,QHM,NHS NORTH EAST AND NORTH CUMBRIA INTEGRATED CARE BOARD,FALSE,TRUE
NT490,SOUTHEND PRIVATE HOSPITAL,D7T5G,NHS ESSEX INTEGRATED CARE BOARD,FALSE,TRUE
NTE02,ST HUGH'S HOSPITAL,QOQ,NHS HUMBER AND NORTH YORKSHIRE INTEGRATED CARE BOARD,FALSE,TRUE
NTP11,PRACTICE PLUS GROUP HOSPITAL - SOUTHAMPTON,QRL,NHS HAMPSHIRE AND ISLE OF WIGHT INTEGRATED CARE BOARD,TRUE,TRUE
NTP13,PRACTICE PLUS GROUP HOSPITAL - BARLBOROUGH,QJ2,NHS DERBY AND DERBYSHIRE INTEGRATED CARE BOARD,FALSE,TRUE
NTP15,PRACTICE PLUS GROUP HOSPITAL - ILFORD,QMF,NHS NORTH EAST LONDON INTEGRATED CARE BOARD,FALSE,TRUE
NTP16,PRACTICE PLUS GROUP SURGICAL CENTRE - GILLINGHAM,QKS,NHS KENT AND MEDWAY INTEGRATED CARE BOARD,FALSE,TRUE
NTPAD,PRACTICE PLUS GROUP SURGICAL CENTRE - ST MARYS PORTSMOUTH,QRL,NHS HAMPSHIRE AND ISLE OF WIGHT INTEGRATED CARE BOARD,TRUE,TRUE
NTPAE,PRACTICE PLUS GROUP OPHTHALMOLOGY - NORTH WEST,QOP,NHS GREATER MANCHESTER INTEGRATED CARE BOARD,FALSE,TRUE
NTPH1,PRACTICE PLUS GROUP HOSPITAL - SHEPTON MALLET,QSL,NHS SOMERSET INTEGRATED CARE BOARD,FALSE,TRUE
NTPH2,PRACTICE PLUS GROUP HOSPITAL - EMERSONS GREEN,QUY,"NHS BRISTOL, NORTH SOMERSET AND SOUTH GLOUCESTERSHIRE INTEGRATED CARE BOARD",FALSE,TRUE
NTPH3,PRACTICE PLUS GROUP SURGICAL CENTRE - DEVIZES,QOX,"NHS BATH AND NORTH EAST SOMERSET, SWINDON AND WILTSHIRE INTEGRATED CARE BOARD",FALSE,TRUE
NTPH5,PRACTICE PLUS GROUP HOSPITAL - PLYMOUTH,QJK,NHS DEVON INTEGRATED CARE BOARD,FALSE,TRUE
NTV0B,ASHFORD WALK-IN-CENTRE,NA,NHS ENGLAND SOUTH EAST,TRUE,FALSE
NTV0W,WOKING WALK IN CENTRE,NA,NHS ENGLAND SOUTH EAST,TRUE,FALSE
NTX,THE ONE HEALTH GROUP PLC,QF7,NHS SOUTH YORKSHIRE INTEGRATED CARE BOARD,FALSE,TRUE
NV1,INHEALTH LIMITED,S0E4D,NHS THAMES VALLEY INTEGRATED CARE BOARD,FALSE,TRUE
NV693,ROSSENDALE MIU & OOH,NA,NHS ENGLAND NORTH WEST,TRUE,FALSE
NVC01,ASHTEAD HOSPITAL,S9B9J,NHS SURREY AND SUSSEX INTEGRATED CARE BOARD,FALSE,TRUE
NVC02,THE BERKSHIRE INDEPENDENT HOSPITAL,S0E4D,NHS THAMES VALLEY INTEGRATED CARE BOARD,FALSE,TRUE
NVC04,DUCHY HOSPITAL,QT6,NHS CORNWALL AND THE ISLES OF SCILLY INTEGRATED CARE BOARD,FALSE,TRUE
NVC05,EUXTON HALL HOSPITAL,QE1,NHS LANCASHIRE AND SOUTH CUMBRIA INTEGRATED CARE BOARD,FALSE,TRUE
NVC06,FITZWILLIAM HOSPITAL,S1Y5D,NHS CENTRAL EAST INTEGRATED CARE BOARD,FALSE,TRUE
NVC07,FULWOOD HALL HOSPITAL,QE1,NHS LANCASHIRE AND SOUTH CUMBRIA INTEGRATED CARE BOARD,FALSE,TRUE
NVC08,MOUNT STUART HOSPITAL,QJK,NHS DEVON INTEGRATED CARE BOARD,FALSE,TRUE
NVC09,NEW HALL HOSPITAL,QOX,"NHS BATH AND NORTH EAST SOMERSET, SWINDON AND WILTSHIRE INTEGRATED CARE BOARD",FALSE,TRUE
NVC0I,BEACON PARK HOSPITAL,QNC,NHS STAFFORDSHIRE AND STOKE-ON-TRENT INTEGRATED CARE BOARD,FALSE,TRUE
NVC0R,TEES VALLEY HOSPITAL,QHM,NHS NORTH EAST AND NORTH CUMBRIA INTEGRATED CARE BOARD,FALSE,TRUE
NVC0Y,EXETER MEDICAL,QJK,NHS DEVON INTEGRATED CARE BOARD,FALSE,TRUE
NVC11,NORTH DOWNS HOSPITAL,S9B9J,NHS SURREY AND SUSSEX INTEGRATED CARE BOARD,FALSE,TRUE
NVC12,OAKLANDS HOSPITAL,QOP,NHS GREATER MANCHESTER INTEGRATED CARE BOARD,FALSE,TRUE
NVC13,OAKS HOSPITAL,D7T5G,NHS ESSEX INTEGRATED CARE BOARD,FALSE,TRUE
NVC14,PARK HILL HOSPITAL,QF7,NHS SOUTH YORKSHIRE INTEGRATED CARE BOARD,FALSE,TRUE
NVC15,PINEHILL HOSPITAL,S1Y5D,NHS CENTRAL EAST INTEGRATED CARE BOARD,FALSE,TRUE
NVC16,RENACRES HOSPITAL,QE1,NHS LANCASHIRE AND SOUTH CUMBRIA INTEGRATED CARE BOARD,FALSE,TRUE
NVC17,ROWLEY HALL HOSPITAL,QNC,NHS STAFFORDSHIRE AND STOKE-ON-TRENT INTEGRATED CARE BOARD,FALSE,TRUE
NVC18,SPRINGFIELD HOSPITAL,D7T5G,NHS ESSEX INTEGRATED CARE BOARD,FALSE,TRUE
NVC19,RIVERS HOSPITAL,S1Y5D,NHS CENTRAL EAST INTEGRATED CARE BOARD,FALSE,TRUE
NVC1H,STOURSIDE HOSPITAL,QUA,NHS BLACK COUNTRY INTEGRATED CARE BOARD,FALSE,TRUE
NVC20,THE YORKSHIRE CLINIC,QWO,NHS WEST YORKSHIRE INTEGRATED CARE BOARD,FALSE,TRUE
NVC21,WEST MIDLANDS HOSPITAL,QUA,NHS BLACK COUNTRY INTEGRATED CARE BOARD,FALSE,TRUE
NVC22,WINFIELD HOSPITAL,QR1,NHS GLOUCESTERSHIRE INTEGRATED CARE BOARD,FALSE,TRUE
NVC23,WOODLAND HOSPITAL,QPM,NHS NORTHAMPTONSHIRE INTEGRATED CARE BOARD,FALSE,TRUE
NVC25,THE CHERWELL HOSPITAL,S0E4D,NHS THAMES VALLEY INTEGRATED CARE BOARD,FALSE,TRUE
NVC27,BOSTON WEST HOSPITAL,QJM,NHS LINCOLNSHIRE INTEGRATED CARE BOARD,FALSE,TRUE
NVC28,CLIFTON PARK HOSPITAL,QOQ,NHS HUMBER AND NORTH YORKSHIRE INTEGRATED CARE BOARD,FALSE,TRUE
NVC29,COBALT HOSPITAL,QHM,NHS NORTH EAST AND NORTH CUMBRIA INTEGRATED CARE BOARD,FALSE,TRUE
NVC31,BLAKELANDS HOSPITAL,S1Y5D,NHS CENTRAL EAST INTEGRATED CARE BOARD,FALSE,TRUE
NVC40,WOODTHORPE HOSPITAL,QT1,NHS NOTTINGHAM AND NOTTINGHAMSHIRE INTEGRATED CARE BOARD,FALSE,TRUE
NVC44,THE WESTBOURNE CENTRE,QHL,NHS BIRMINGHAM AND SOLIHULL INTEGRATED CARE BOARD,FALSE,TRUE
NVE43,HASTINGS GP LED HEALTH CENTRE,NA,NHS ENGLAND SOUTH EAST,TRUE,FALSE
NVM,EPSOMEDICAL GROUP,S9B9J,NHS SURREY AND SUSSEX INTEGRATED CARE BOARD,FALSE,TRUE
NWF01,BENENDEN HOSPITAL,QKS,NHS KENT AND MEDWAY INTEGRATED CARE BOARD,FALSE,TRUE
NWV01,COHESE HEALTHCARE,QUY,"NHS BRISTOL, NORTH SOMERSET AND SOUTH GLOUCESTERSHIRE INTEGRATED CARE BOARD",FALSE,TRUE
NX501,ANGLIA COMMUNITY EYE SERVICE LTD,S1Y5D,NHS CENTRAL EAST INTEGRATED CARE BOARD,FALSE,TRUE
NX504,ANGLIA COMMUNITY EYE SERVICES FAKENHAM,T6Y0W,NHS NORFOLK AND SUFFOLK INTEGRATED CARE BOARD,FALSE,TRUE
NX505,ANGLIA COMMUNITY EYE SERVICE - FAKENHAM MEDICAL PRACTICE,T6Y0W,NHS NORFOLK AND SUFFOLK INTEGRATED CARE BOARD,FALSE,TRUE
NX507,ANGLIA COMMUNITY EYE SERVICE - THETFORD HEALTHY LIVING CENTRE,T6Y0W,NHS NORFOLK AND SUFFOLK INTEGRATED CARE BOARD,FALSE,TRUE
NXM01,THE HORDER CENTRE - ST JOHNS ROAD,S9B9J,NHS SURREY AND SUSSEX INTEGRATED CARE BOARD,FALSE,TRUE
NXP,INDEPENDENT HEALTH GROUP,QOX,"NHS BATH AND NORTH EAST SOMERSET, SWINDON AND WILTSHIRE INTEGRATED CARE BOARD",FALSE,TRUE
NYG,SUSSEX COMMUNITY DERMATOLOGY SERVICE,S9B9J,NHS SURREY AND SUSSEX INTEGRATED CARE BOARD,FALSE,TRUE
NYR,CORA HEALTH DIAGNOSTICS (FORMERLY HEALTHSHARE DIAGNOSTICS),QKS,NHS KENT AND MEDWAY INTEGRATED CARE BOARD,FALSE,TRUE
O1B1P,ACES PLYMOUTH,QJK,NHS DEVON INTEGRATED CARE BOARD,FALSE,TRUE
O1P6X,SPAMEDICA OLDHAM,QOP,NHS GREATER MANCHESTER INTEGRATED CARE BOARD,FALSE,TRUE
O5Y9D,SPAMEDICA OXFORD,S0E4D,NHS THAMES VALLEY INTEGRATED CARE BOARD,FALSE,TRUE
O6X7Z,SPAMEDICA CAMBRIDGE,S1Y5D,NHS CENTRAL EAST INTEGRATED CARE BOARD,FALSE,TRUE
O9Q4E,ANGLIA COMMUNITY EYE SERVICE - PETERBOROUGH,S1Y5D,NHS CENTRAL EAST INTEGRATED CARE BOARD,FALSE,TRUE
P0C3F,SPAMEDICA LEEDS,QWO,NHS WEST YORKSHIRE INTEGRATED CARE BOARD,FALSE,TRUE
P1B7M,SPAMEDICA BRISTOL,QUY,"NHS BRISTOL, NORTH SOMERSET AND SOUTH GLOUCESTERSHIRE INTEGRATED CARE BOARD",FALSE,TRUE
P1G3N,ACES LEEDS WHITE ROSE,QWO,NHS WEST YORKSHIRE INTEGRATED CARE BOARD,FALSE,TRUE
P1N3Z,DEEPING SURGICAL,QJM,NHS LINCOLNSHIRE INTEGRATED CARE BOARD,FALSE,TRUE
P5Y6K,NEWMEDICA - SHREWSBURY,QOC,"NHS SHROPSHIRE, TELFORD AND WREKIN INTEGRATED CARE BOARD",FALSE,TRUE
Q1W6P,SPAMEDICA WATFORD,S1Y5D,NHS CENTRAL EAST INTEGRATED CARE BOARD,FALSE,TRUE
Q2Y5H,OVIVA UK LTD,QKK,NHS SOUTH EAST LONDON INTEGRATED CARE BOARD,FALSE,TRUE
Q4W9A,ACES SOUTHAMPTON,QRL,NHS HAMPSHIRE AND ISLE OF WIGHT INTEGRATED CARE BOARD,FALSE,TRUE
Q6V1S,OPTEGRA EYE HOSPITAL SHEFFIELD,QF7,NHS SOUTH YORKSHIRE INTEGRATED CARE BOARD,FALSE,TRUE
Q8X0X,SPAMEDICA ISLE OF WIGHT COMMUNITY DIAGNOSTIC & TREATMENT CENTRE,QRL,NHS HAMPSHIRE AND ISLE OF WIGHT INTEGRATED CARE BOARD,FALSE,TRUE
R0A,MANCHESTER UNIVERSITY NHS FOUNDATION TRUST,QOP,NHS GREATER MANCHESTER INTEGRATED CARE BOARD,TRUE,TRUE
R0B,SOUTH TYNESIDE AND SUNDERLAND NHS FOUNDATION TRUST,QHM,NHS NORTH EAST AND NORTH CUMBRIA INTEGRATED CARE BOARD,TRUE,TRUE
R0D,UNIVERSITY HOSPITALS DORSET NHS FOUNDATION TRUST,QVV,NHS DORSET INTEGRATED CARE BOARD,TRUE,TRUE
R0F4N,NUFFIELD HEALTH PARKSIDE HOSPITAL,QWE,NHS SOUTH WEST LONDON INTEGRATED CARE BOARD,FALSE,TRUE
R1A,HEREFORDSHIRE AND WORCESTERSHIRE HEALTH AND CARE NHS TRUST,QGH,NHS HEREFORDSHIRE AND WORCESTERSHIRE INTEGRATED CARE BOARD,FALSE,TRUE
R1D,SHROPSHIRE COMMUNITY HEALTH NHS TRUST,QOC,"NHS SHROPSHIRE, TELFORD AND WREKIN INTEGRATED CARE BOARD",TRUE,TRUE
R1F,ISLE OF WIGHT NHS TRUST,QRL,NHS HAMPSHIRE AND ISLE OF WIGHT INTEGRATED CARE BOARD,TRUE,TRUE
R1G7E,SPAMEDICA KENDAL,QE1,NHS LANCASHIRE AND SOUTH CUMBRIA INTEGRATED CARE BOARD,FALSE,TRUE
R1H,BARTS HEALTH NHS TRUST,QMF,NHS NORTH EAST LONDON INTEGRATED CARE BOARD,TRUE,TRUE
R1K,LONDON NORTH WEST UNIVERSITY HEALTHCARE NHS TRUST,Z9B2Z,NHS WEST AND NORTH LONDON INTEGRATED CARE BOARD,TRUE,TRUE
R5J3Z,BORDER HEALTH ALLIANCE LIMITED,QGH,NHS HEREFORDSHIRE AND WORCESTERSHIRE INTEGRATED CARE BOARD,FALSE,TRUE
R6B6E,ACES DARLINGTON,QHM,NHS NORTH EAST AND NORTH CUMBRIA INTEGRATED CARE BOARD,FALSE,TRUE
R6X7C,SPAMEDICA MACCLESFIELD COMMUNITY DIAGNOSTIC & TREATMENT CENTRE,QYG,NHS CHESHIRE AND MERSEYSIDE INTEGRATED CARE BOARD,FALSE,TRUE
R7W2O,NEWCASTLE NEWMEDICA LTD,QHM,NHS NORTH EAST AND NORTH CUMBRIA INTEGRATED CARE BOARD,FALSE,TRUE
RA2,ROYAL SURREY NHS FOUNDATION TRUST,S9B9J,NHS SURREY AND SUSSEX INTEGRATED CARE BOARD,TRUE,TRUE
RA7,BRISTOL NHS FOUNDATION TRUST,QUY,"NHS BRISTOL, NORTH SOMERSET AND SOUTH GLOUCESTERSHIRE INTEGRATED CARE BOARD",TRUE,TRUE
RA9,TORBAY AND SOUTH DEVON NHS FOUNDATION TRUST,NA,NHS ENGLAND SOUTH WEST,TRUE,FALSE
RAE,BRADFORD TEACHING HOSPITALS NHS FOUNDATION TRUST,QWO,NHS WEST YORKSHIRE INTEGRATED CARE BOARD,TRUE,TRUE
RAJ,MID AND SOUTH ESSEX NHS FOUNDATION TRUST,D7T5G,NHS ESSEX INTEGRATED CARE BOARD,TRUE,TRUE
RAL,ROYAL FREE LONDON NHS FOUNDATION TRUST,Z9B2Z,NHS WEST AND NORTH LONDON INTEGRATED CARE BOARD,TRUE,TRUE
RAN,ROYAL NATIONAL ORTHOPAEDIC HOSPITAL NHS TRUST,Z9B2Z,NHS WEST AND NORTH LONDON INTEGRATED CARE BOARD,TRUE,TRUE
RAS,THE HILLINGDON HOSPITALS NHS FOUNDATION TRUST,Z9B2Z,NHS WEST AND NORTH LONDON INTEGRATED CARE BOARD,TRUE,TRUE
RAT,NORTH EAST LONDON NHS FOUNDATION TRUST,NA,NHS ENGLAND LONDON,TRUE,FALSE
RAX,KINGSTON AND RICHMOND NHS FOUNDATION TRUST,QWE,NHS SOUTH WEST LONDON INTEGRATED CARE BOARD,TRUE,TRUE
RBD,DORSET COUNTY HOSPITAL NHS FOUNDATION TRUST,QVV,NHS DORSET INTEGRATED CARE BOARD,TRUE,TRUE
RBK,WALSALL HEALTHCARE NHS TRUST,QUA,NHS BLACK COUNTRY INTEGRATED CARE BOARD,TRUE,TRUE
RBL,WIRRAL UNIVERSITY TEACHING HOSPITAL NHS FOUNDATION TRUST,QYG,NHS CHESHIRE AND MERSEYSIDE INTEGRATED CARE BOARD,TRUE,TRUE
RBN,MERSEY AND WEST LANCASHIRE TEACHING HOSPITALS NHS TRUST,QYG,NHS CHESHIRE AND MERSEYSIDE INTEGRATED CARE BOARD,TRUE,TRUE
RBQ,LIVERPOOL HEART AND CHEST HOSPITAL NHS FOUNDATION TRUST,QYG,NHS CHESHIRE AND MERSEYSIDE INTEGRATED CARE BOARD,TRUE,TRUE
RBS,ALDER HEY CHILDREN'S NHS FOUNDATION TRUST,QYG,NHS CHESHIRE AND MERSEYSIDE INTEGRATED CARE BOARD,TRUE,TRUE
RBT,MID CHESHIRE HOSPITALS NHS FOUNDATION TRUST,QYG,NHS CHESHIRE AND MERSEYSIDE INTEGRATED CARE BOARD,TRUE,TRUE
RBV,THE CHRISTIE NHS FOUNDATION TRUST,QOP,NHS GREATER MANCHESTER INTEGRATED CARE BOARD,TRUE,TRUE
RC9,BEDFORDSHIRE HOSPITALS NHS FOUNDATION TRUST,S1Y5D,NHS CENTRAL EAST INTEGRATED CARE BOARD,TRUE,TRUE
RCB,YORK AND SCARBOROUGH TEACHING HOSPITALS NHS FOUNDATION TRUST,QOQ,NHS HUMBER AND NORTH YORKSHIRE INTEGRATED CARE BOARD,TRUE,TRUE
RCD,HARROGATE AND DISTRICT NHS FOUNDATION TRUST,QOQ,NHS HUMBER AND NORTH YORKSHIRE INTEGRATED CARE BOARD,TRUE,TRUE
RCF,AIREDALE NHS FOUNDATION TRUST,QWO,NHS WEST YORKSHIRE INTEGRATED CARE BOARD,TRUE,TRUE
RCU,SHEFFIELD CHILDREN'S NHS FOUNDATION TRUST,QF7,NHS SOUTH YORKSHIRE INTEGRATED CARE BOARD,TRUE,TRUE
RCX,"THE QUEEN ELIZABETH HOSPITAL, KING'S LYNN, NHS FOUNDATION TRUST",T6Y0W,NHS NORFOLK AND SUFFOLK INTEGRATED CARE BOARD,TRUE,TRUE
RD1,ROYAL UNITED HOSPITALS BATH NHS FOUNDATION TRUST,QOX,"NHS BATH AND NORTH EAST SOMERSET, SWINDON AND WILTSHIRE INTEGRATED CARE BOARD",TRUE,TRUE
RD8,MILTON KEYNES UNIVERSITY HOSPITAL NHS FOUNDATION TRUST,S1Y5D,NHS CENTRAL EAST INTEGRATED CARE BOARD,TRUE,TRUE
RDE,EAST SUFFOLK AND NORTH ESSEX NHS FOUNDATION TRUST,D7T5G,NHS ESSEX INTEGRATED CARE BOARD,TRUE,TRUE
RDR,SUSSEX COMMUNITY NHS FOUNDATION TRUST,S9B9J,NHS SURREY AND SUSSEX INTEGRATED CARE BOARD,TRUE,TRUE
RDU,FRIMLEY HEALTH NHS FOUNDATION TRUST,S9B9J,NHS SURREY AND SUSSEX INTEGRATED CARE BOARD,TRUE,TRUE
RDY,DORSET HEALTHCARE UNIVERSITY NHS FOUNDATION TRUST,NA,NHS ENGLAND SOUTH WEST,TRUE,FALSE
REF,ROYAL CORNWALL HOSPITALS NHS TRUST,QT6,NHS CORNWALL AND THE ISLES OF SCILLY INTEGRATED CARE BOARD,TRUE,TRUE
REM,LIVERPOOL UNIVERSITY HOSPITALS NHS FOUNDATION TRUST,QYG,NHS CHESHIRE AND MERSEYSIDE INTEGRATED CARE BOARD,TRUE,TRUE
REN,THE CLATTERBRIDGE CANCER CENTRE NHS FOUNDATION TRUST,QYG,NHS CHESHIRE AND MERSEYSIDE INTEGRATED CARE BOARD,FALSE,TRUE
REP,LIVERPOOL WOMEN'S NHS FOUNDATION TRUST,QYG,NHS CHESHIRE AND MERSEYSIDE INTEGRATED CARE BOARD,TRUE,TRUE
RET,THE WALTON CENTRE NHS FOUNDATION TRUST,QYG,NHS CHESHIRE AND MERSEYSIDE INTEGRATED CARE BOARD,TRUE,TRUE
RF4,"BARKING, HAVERING AND REDBRIDGE UNIVERSITY HOSPITALS NHS TRUST",QMF,NHS NORTH EAST LONDON INTEGRATED CARE BOARD,TRUE,TRUE
RFF,BARNSLEY HOSPITAL NHS FOUNDATION TRUST,QF7,NHS SOUTH YORKSHIRE INTEGRATED CARE BOARD,TRUE,TRUE
RFR,THE ROTHERHAM NHS FOUNDATION TRUST,QF7,NHS SOUTH YORKSHIRE INTEGRATED CARE BOARD,TRUE,TRUE
RFS,CHESTERFIELD ROYAL HOSPITAL NHS FOUNDATION TRUST,QJ2,NHS DERBY AND DERBYSHIRE INTEGRATED CARE BOARD,TRUE,TRUE
RGM,ROYAL PAPWORTH HOSPITAL NHS FOUNDATION TRUST,S1Y5D,NHS CENTRAL EAST INTEGRATED CARE BOARD,FALSE,TRUE
RGN,NORTH WEST ANGLIA NHS FOUNDATION TRUST,S1Y5D,NHS CENTRAL EAST INTEGRATED CARE BOARD,TRUE,TRUE
RGP,JAMES PAGET UNIVERSITY HOSPITALS NHS FOUNDATION TRUST,T6Y0W,NHS NORFOLK AND SUFFOLK INTEGRATED CARE BOARD,TRUE,TRUE
RGR,WEST SUFFOLK NHS FOUNDATION TRUST,T6Y0W,NHS NORFOLK AND SUFFOLK INTEGRATED CARE BOARD,TRUE,TRUE
RGT,CAMBRIDGE UNIVERSITY HOSPITALS NHS FOUNDATION TRUST,S1Y5D,NHS CENTRAL EAST INTEGRATED CARE BOARD,TRUE,TRUE
RH5,SOMERSET NHS FOUNDATION TRUST,QSL,NHS SOMERSET INTEGRATED CARE BOARD,TRUE,TRUE
RH8,ROYAL DEVON UNIVERSITY HEALTHCARE NHS FOUNDATION TRUST,QJK,NHS DEVON INTEGRATED CARE BOARD,TRUE,TRUE
RHM,UNIVERSITY HOSPITAL SOUTHAMPTON NHS FOUNDATION TRUST,QRL,NHS HAMPSHIRE AND ISLE OF WIGHT INTEGRATED CARE BOARD,TRUE,TRUE
RHQ,SHEFFIELD TEACHING HOSPITALS NHS FOUNDATION TRUST,NA,NHS ENGLAND NORTH EAST AND YORKSHIRE,TRUE,FALSE
RHU,PORTSMOUTH HOSPITALS UNIVERSITY NHS TRUST,QRL,NHS HAMPSHIRE AND ISLE OF WIGHT INTEGRATED CARE BOARD,TRUE,TRUE
RHW,ROYAL BERKSHIRE NHS FOUNDATION TRUST,S0E4D,NHS THAMES VALLEY INTEGRATED CARE BOARD,TRUE,TRUE
RJ1,GUY'S AND ST THOMAS' NHS FOUNDATION TRUST,QKK,NHS SOUTH EAST LONDON INTEGRATED CARE BOARD,TRUE,TRUE
RJ2,LEWISHAM AND GREENWICH NHS TRUST,QKK,NHS SOUTH EAST LONDON INTEGRATED CARE BOARD,TRUE,TRUE
RJ6,CROYDON HEALTH SERVICES NHS TRUST,QWE,NHS SOUTH WEST LONDON INTEGRATED CARE BOARD,TRUE,TRUE
RJ7,ST GEORGE'S UNIVERSITY HOSPITALS NHS FOUNDATION TRUST,QWE,NHS SOUTH WEST LONDON INTEGRATED CARE BOARD,TRUE,TRUE
RJ8,CORNWALL PARTNERSHIP NHS FOUNDATION TRUST,QT6,NHS CORNWALL AND THE ISLES OF SCILLY INTEGRATED CARE BOARD,TRUE,TRUE
RJC,SOUTH WARWICKSHIRE UNIVERSITY NHS FOUNDATION TRUST,QWU,NHS COVENTRY AND WARWICKSHIRE INTEGRATED CARE BOARD,TRUE,TRUE
RJE,UNIVERSITY HOSPITALS OF NORTH MIDLANDS NHS TRUST,QNC,NHS STAFFORDSHIRE AND STOKE-ON-TRENT INTEGRATED CARE BOARD,TRUE,TRUE
RJL,NORTHERN LINCOLNSHIRE AND GOOLE NHS FOUNDATION TRUST,QOQ,NHS HUMBER AND NORTH YORKSHIRE INTEGRATED CARE BOARD,TRUE,TRUE
RJN,EAST CHESHIRE NHS TRUST,QYG,NHS CHESHIRE AND MERSEYSIDE INTEGRATED CARE BOARD,TRUE,TRUE
RJR,COUNTESS OF CHESTER HOSPITAL NHS FOUNDATION TRUST,QYG,NHS CHESHIRE AND MERSEYSIDE INTEGRATED CARE BOARD,TRUE,TRUE
RJZ,KING'S COLLEGE HOSPITAL NHS FOUNDATION TRUST,QKK,NHS SOUTH EAST LONDON INTEGRATED CARE BOARD,TRUE,TRUE
RK5,SHERWOOD FOREST HOSPITALS NHS FOUNDATION TRUST,QT1,NHS NOTTINGHAM AND NOTTINGHAMSHIRE INTEGRATED CARE BOARD,TRUE,TRUE
RK9,UNIVERSITY HOSPITALS PLYMOUTH NHS TRUST,QJK,NHS DEVON INTEGRATED CARE BOARD,TRUE,TRUE
RKB,UNIVERSITY HOSPITALS COVENTRY AND WARWICKSHIRE NHS TRUST,QWU,NHS COVENTRY AND WARWICKSHIRE INTEGRATED CARE BOARD,TRUE,TRUE
RKE,WHITTINGTON HEALTH NHS TRUST,Z9B2Z,NHS WEST AND NORTH LONDON INTEGRATED CARE BOARD,TRUE,TRUE
RL1,THE ROBERT JONES AND AGNES HUNT ORTHOPAEDIC HOSPITAL NHS FOUNDATION TRUST,QOC,"NHS SHROPSHIRE, TELFORD AND WREKIN INTEGRATED CARE BOARD",TRUE,TRUE
RL4,THE ROYAL WOLVERHAMPTON NHS TRUST,QUA,NHS BLACK COUNTRY INTEGRATED CARE BOARD,TRUE,TRUE
RLQ,WYE VALLEY NHS TRUST,QGH,NHS HEREFORDSHIRE AND WORCESTERSHIRE INTEGRATED CARE BOARD,TRUE,TRUE
RLT,GEORGE ELIOT HOSPITAL NHS TRUST,QWU,NHS COVENTRY AND WARWICKSHIRE INTEGRATED CARE BOARD,TRUE,TRUE
RM1,NORFOLK AND NORWICH UNIVERSITY HOSPITALS NHS FOUNDATION TRUST,T6Y0W,NHS NORFOLK AND SUFFOLK INTEGRATED CARE BOARD,TRUE,TRUE
RM3,NORTHERN CARE ALLIANCE NHS FOUNDATION TRUST,QOP,NHS GREATER MANCHESTER INTEGRATED CARE BOARD,TRUE,TRUE
RMC,BOLTON NHS FOUNDATION TRUST,QOP,NHS GREATER MANCHESTER INTEGRATED CARE BOARD,TRUE,TRUE
RMP,TAMESIDE AND GLOSSOP INTEGRATED CARE NHS FOUNDATION TRUST,QOP,NHS GREATER MANCHESTER INTEGRATED CARE BOARD,TRUE,TRUE
RN3,GREAT WESTERN HOSPITALS NHS FOUNDATION TRUST,QOX,"NHS BATH AND NORTH EAST SOMERSET, SWINDON AND WILTSHIRE INTEGRATED CARE BOARD",TRUE,TRUE
RN5,HAMPSHIRE HOSPITALS NHS FOUNDATION TRUST,QRL,NHS HAMPSHIRE AND ISLE OF WIGHT INTEGRATED CARE BOARD,TRUE,TRUE
RN7,DARTFORD AND GRAVESHAM NHS TRUST,QKS,NHS KENT AND MEDWAY INTEGRATED CARE BOARD,TRUE,TRUE
RNA,THE DUDLEY GROUP NHS FOUNDATION TRUST,QUA,NHS BLACK COUNTRY INTEGRATED CARE BOARD,TRUE,TRUE
RNN,NORTH CUMBRIA INTEGRATED CARE NHS FOUNDATION TRUST,QHM,NHS NORTH EAST AND NORTH CUMBRIA INTEGRATED CARE BOARD,TRUE,TRUE
RNQ,KETTERING GENERAL HOSPITAL NHS FOUNDATION TRUST,QPM,NHS NORTHAMPTONSHIRE INTEGRATED CARE BOARD,TRUE,TRUE
RNS,NORTHAMPTON GENERAL HOSPITAL NHS TRUST,QPM,NHS NORTHAMPTONSHIRE INTEGRATED CARE BOARD,TRUE,TRUE
RNU,OXFORD HEALTH NHS FOUNDATION TRUST,NA,NHS ENGLAND SOUTH EAST,TRUE,FALSE
RNZ,SALISBURY NHS FOUNDATION TRUST,QOX,"NHS BATH AND NORTH EAST SOMERSET, SWINDON AND WILTSHIRE INTEGRATED CARE BOARD",TRUE,TRUE
RP4,GREAT ORMOND STREET HOSPITAL FOR CHILDREN NHS FOUNDATION TRUST,Z9B2Z,NHS WEST AND NORTH LONDON INTEGRATED CARE BOARD,FALSE,TRUE
RP5,DONCASTER AND BASSETLAW TEACHING HOSPITALS NHS FOUNDATION TRUST,QF7,NHS SOUTH YORKSHIRE INTEGRATED CARE BOARD,TRUE,TRUE
RP6,MOORFIELDS EYE HOSPITAL NHS FOUNDATION TRUST,Z9B2Z,NHS WEST AND NORTH LONDON INTEGRATED CARE BOARD,TRUE,TRUE
RP7,LINCOLNSHIRE PARTNERSHIP NHS FOUNDATION TRUST,QJM,NHS LINCOLNSHIRE INTEGRATED CARE BOARD,FALSE,TRUE
RPA,MEDWAY NHS FOUNDATION TRUST,QKS,NHS KENT AND MEDWAY INTEGRATED CARE BOARD,TRUE,TRUE
RPC,QUEEN VICTORIA HOSPITAL NHS FOUNDATION TRUST,S9B9J,NHS SURREY AND SUSSEX INTEGRATED CARE BOARD,TRUE,TRUE
RPG,OXLEAS NHS FOUNDATION TRUST,QKK,NHS SOUTH EAST LONDON INTEGRATED CARE BOARD,FALSE,TRUE
RPY,THE ROYAL MARSDEN NHS FOUNDATION TRUST,Z9B2Z,NHS WEST AND NORTH LONDON INTEGRATED CARE BOARD,FALSE,TRUE
RQ3,BIRMINGHAM WOMEN'S AND CHILDREN'S NHS FOUNDATION TRUST,QHL,NHS BIRMINGHAM AND SOLIHULL INTEGRATED CARE BOARD,TRUE,TRUE
RQM,CHELSEA AND WESTMINSTER HOSPITAL NHS FOUNDATION TRUST,Z9B2Z,NHS WEST AND NORTH LONDON INTEGRATED CARE BOARD,TRUE,TRUE
RQW,THE PRINCESS ALEXANDRA HOSPITAL NHS TRUST,D7T5G,NHS ESSEX INTEGRATED CARE BOARD,TRUE,TRUE
RQX,HOMERTON HEALTHCARE NHS FOUNDATION TRUST,QMF,NHS NORTH EAST LONDON INTEGRATED CARE BOARD,TRUE,TRUE
RR7,GATESHEAD HEALTH NHS FOUNDATION TRUST,QHM,NHS NORTH EAST AND NORTH CUMBRIA INTEGRATED CARE BOARD,TRUE,TRUE
RR8,LEEDS TEACHING HOSPITALS NHS TRUST,QWO,NHS WEST YORKSHIRE INTEGRATED CARE BOARD,TRUE,TRUE
RRE,MIDLANDS PARTNERSHIP UNIVERSITY NHS FOUNDATION TRUST,QNC,NHS STAFFORDSHIRE AND STOKE-ON-TRENT INTEGRATED CARE BOARD,FALSE,TRUE
RRF,"WRIGHTINGTON, WIGAN AND LEIGH TEACHING HOSPITALS NHS FOUNDATION TRUST",QOP,NHS GREATER MANCHESTER INTEGRATED CARE BOARD,TRUE,TRUE
RRJ,THE ROYAL ORTHOPAEDIC HOSPITAL NHS FOUNDATION TRUST,QHL,NHS BIRMINGHAM AND SOLIHULL INTEGRATED CARE BOARD,FALSE,TRUE
RRK,UNIVERSITY HOSPITALS BIRMINGHAM NHS FOUNDATION TRUST,QHL,NHS BIRMINGHAM AND SOLIHULL INTEGRATED CARE BOARD,TRUE,TRUE
RRV,UNIVERSITY COLLEGE LONDON HOSPITALS NHS FOUNDATION TRUST,Z9B2Z,NHS WEST AND NORTH LONDON INTEGRATED CARE BOARD,TRUE,TRUE
RT1,CAMBRIDGESHIRE AND PETERBOROUGH NHS FOUNDATION TRUST,S1Y5D,NHS CENTRAL EAST INTEGRATED CARE BOARD,FALSE,TRUE
RTD,THE NEWCASTLE UPON TYNE HOSPITALS NHS FOUNDATION TRUST,QHM,NHS NORTH EAST AND NORTH CUMBRIA INTEGRATED CARE BOARD,TRUE,TRUE
RTE,GLOUCESTERSHIRE HOSPITALS NHS FOUNDATION TRUST,QR1,NHS GLOUCESTERSHIRE INTEGRATED CARE BOARD,TRUE,TRUE
RTF,NORTHUMBRIA HEALTHCARE NHS FOUNDATION TRUST,QHM,NHS NORTH EAST AND NORTH CUMBRIA INTEGRATED CARE BOARD,TRUE,TRUE
RTG,UNIVERSITY HOSPITALS OF DERBY AND BURTON NHS FOUNDATION TRUST,QJ2,NHS DERBY AND DERBYSHIRE INTEGRATED CARE BOARD,TRUE,TRUE
RTH,OXFORD UNIVERSITY HOSPITALS NHS FOUNDATION TRUST,S0E4D,NHS THAMES VALLEY INTEGRATED CARE BOARD,TRUE,TRUE
RTK,ASHFORD AND ST PETER'S HOSPITALS NHS FOUNDATION TRUST,S9B9J,NHS SURREY AND SUSSEX INTEGRATED CARE BOARD,TRUE,TRUE
RTP,SURREY AND SUSSEX HEALTHCARE NHS TRUST,S9B9J,NHS SURREY AND SUSSEX INTEGRATED CARE BOARD,TRUE,TRUE
RTQ,GLOUCESTERSHIRE HEALTH AND CARE NHS FOUNDATION TRUST,NA,NHS ENGLAND SOUTH WEST,TRUE,FALSE
RTR,SOUTH TEES HOSPITALS NHS FOUNDATION TRUST,QHM,NHS NORTH EAST AND NORTH CUMBRIA INTEGRATED CARE BOARD,TRUE,TRUE
RTX,UNIVERSITY HOSPITALS OF MORECAMBE BAY NHS FOUNDATION TRUST,QE1,NHS LANCASHIRE AND SOUTH CUMBRIA INTEGRATED CARE BOARD,TRUE,TRUE
RV9,HUMBER TEACHING NHS FOUNDATION TRUST,NA,NHS ENGLAND NORTH EAST AND YORKSHIRE,TRUE,FALSE
RVJ,NORTH BRISTOL NHS TRUST,QUY,"NHS BRISTOL, NORTH SOMERSET AND SOUTH GLOUCESTERSHIRE INTEGRATED CARE BOARD",TRUE,TRUE
RVR,EPSOM AND ST HELIER UNIVERSITY HOSPITALS NHS TRUST,QWE,NHS SOUTH WEST LONDON INTEGRATED CARE BOARD,TRUE,TRUE
RVV,EAST KENT HOSPITALS UNIVERSITY NHS FOUNDATION TRUST,QKS,NHS KENT AND MEDWAY INTEGRATED CARE BOARD,TRUE,TRUE
RVW,NORTH TEES AND HARTLEPOOL NHS FOUNDATION TRUST,QHM,NHS NORTH EAST AND NORTH CUMBRIA INTEGRATED CARE BOARD,TRUE,TRUE
RW1,HAMPSHIRE AND ISLE OF WIGHT HEALTHCARE NHS FOUNDATION TRUST,QRL,NHS HAMPSHIRE AND ISLE OF WIGHT INTEGRATED CARE BOARD,TRUE,TRUE
RW4,MERSEY CARE NHS FOUNDATION TRUST,NA,NHS ENGLAND NORTH WEST,TRUE,FALSE
RW5,LANCASHIRE & SOUTH CUMBRIA NHS FOUNDATION TRUST,QE1,NHS LANCASHIRE AND SOUTH CUMBRIA INTEGRATED CARE BOARD,FALSE,TRUE
RWA,HULL UNIVERSITY TEACHING HOSPITALS NHS TRUST,QOQ,NHS HUMBER AND NORTH YORKSHIRE INTEGRATED CARE BOARD,TRUE,TRUE
RWD,UNITED LINCOLNSHIRE TEACHING HOSPITALS NHS TRUST,QJM,NHS LINCOLNSHIRE INTEGRATED CARE BOARD,TRUE,TRUE
RWE,UNIVERSITY HOSPITALS OF LEICESTER NHS TRUST,QK1,"NHS LEICESTER, LEICESTERSHIRE AND RUTLAND INTEGRATED CARE BOARD",TRUE,TRUE
RWF,MAIDSTONE AND TUNBRIDGE WELLS NHS TRUST,QKS,NHS KENT AND MEDWAY INTEGRATED CARE BOARD,TRUE,TRUE
RWG,WEST HERTFORDSHIRE TEACHING HOSPITALS NHS TRUST,S1Y5D,NHS CENTRAL EAST INTEGRATED CARE BOARD,TRUE,TRUE
RWH,EAST AND NORTH HERTFORDSHIRE TEACHING NHS TRUST,S1Y5D,NHS CENTRAL EAST INTEGRATED CARE BOARD,TRUE,TRUE
RWJ,STOCKPORT NHS FOUNDATION TRUST,QOP,NHS GREATER MANCHESTER INTEGRATED CARE BOARD,TRUE,TRUE
RWP,WORCESTERSHIRE ACUTE HOSPITALS NHS TRUST,QGH,NHS HEREFORDSHIRE AND WORCESTERSHIRE INTEGRATED CARE BOARD,TRUE,TRUE
RWW,NORTH CHESHIRE AND MERSEY NHS FOUNDATION TRUST,QYG,NHS CHESHIRE AND MERSEYSIDE INTEGRATED CARE BOARD,TRUE,TRUE
RWX,BERKSHIRE HEALTHCARE NHS FOUNDATION TRUST,S0E4D,NHS THAMES VALLEY INTEGRATED CARE BOARD,TRUE,TRUE
RWY,CALDERDALE AND HUDDERSFIELD NHS FOUNDATION TRUST,QWO,NHS WEST YORKSHIRE INTEGRATED CARE BOARD,TRUE,TRUE
RX1,NOTTINGHAM UNIVERSITY HOSPITALS NHS TRUST,QT1,NHS NOTTINGHAM AND NOTTINGHAMSHIRE INTEGRATED CARE BOARD,TRUE,TRUE
RX4,"CUMBRIA, NORTHUMBERLAND, TYNE AND WEAR NHS FOUNDATION TRUST",QHM,NHS NORTH EAST AND NORTH CUMBRIA INTEGRATED CARE BOARD,FALSE,TRUE
RXC,EAST SUSSEX HEALTHCARE NHS TRUST,S9B9J,NHS SURREY AND SUSSEX INTEGRATED CARE BOARD,TRUE,TRUE
RXF,MID YORKSHIRE TEACHING NHS TRUST,QWO,NHS WEST YORKSHIRE INTEGRATED CARE BOARD,TRUE,TRUE
RXG,SOUTH WEST YORKSHIRE PARTNERSHIP TEACHING NHS FOUNDATION TRUST,QWO,NHS WEST YORKSHIRE INTEGRATED CARE BOARD,TRUE,TRUE
RXK,SANDWELL AND WEST BIRMINGHAM HOSPITALS NHS TRUST,QUA,NHS BLACK COUNTRY INTEGRATED CARE BOARD,TRUE,TRUE
RXL,BLACKPOOL TEACHING HOSPITALS NHS FOUNDATION TRUST,QE1,NHS LANCASHIRE AND SOUTH CUMBRIA INTEGRATED CARE BOARD,TRUE,TRUE
RXN,LANCASHIRE TEACHING HOSPITALS NHS FOUNDATION TRUST,QE1,NHS LANCASHIRE AND SOUTH CUMBRIA INTEGRATED CARE BOARD,TRUE,TRUE
RXP,COUNTY DURHAM AND DARLINGTON NHS FOUNDATION TRUST,QHM,NHS NORTH EAST AND NORTH CUMBRIA INTEGRATED CARE BOARD,TRUE,TRUE
RXQ,BUCKINGHAMSHIRE HEALTHCARE NHS TRUST,S0E4D,NHS THAMES VALLEY INTEGRATED CARE BOARD,TRUE,TRUE
RXR,EAST LANCASHIRE HOSPITALS NHS TRUST,QE1,NHS LANCASHIRE AND SOUTH CUMBRIA INTEGRATED CARE BOARD,TRUE,TRUE
RXW,THE SHREWSBURY AND TELFORD HOSPITAL NHS TRUST,QOC,"NHS SHROPSHIRE, TELFORD AND WREKIN INTEGRATED CARE BOARD",TRUE,TRUE
RY4,HERTFORDSHIRE COMMUNITY NHS TRUST,NA,NHS ENGLAND EAST OF ENGLAND,TRUE,FALSE
RY5,LINCOLNSHIRE COMMUNITY HEALTH SERVICES NHS TRUST,NA,NHS ENGLAND MIDLANDS,TRUE,FALSE
RY7,WIRRAL COMMUNITY HEALTH AND CARE NHS FOUNDATION TRUST,NA,NHS ENGLAND NORTH WEST,TRUE,FALSE
RY8,DERBYSHIRE COMMUNITY HEALTH SERVICES NHS FOUNDATION TRUST,NA,NHS ENGLAND MIDLANDS,TRUE,FALSE
RYF,SOUTH WESTERN AMBULANCE SERVICE NHS FOUNDATION TRUST,NA,NHS ENGLAND SOUTH WEST,TRUE,FALSE
RYG,COVENTRY AND WARWICKSHIRE PARTNERSHIP NHS TRUST,NA,NHS ENGLAND MIDLANDS,TRUE,FALSE
RYJ,IMPERIAL COLLEGE HEALTHCARE NHS TRUST,Z9B2Z,NHS WEST AND NORTH LONDON INTEGRATED CARE BOARD,TRUE,TRUE
RYR,UNIVERSITY HOSPITALS SUSSEX NHS FOUNDATION TRUST,S9B9J,NHS SURREY AND SUSSEX INTEGRATED CARE BOARD,TRUE,TRUE
RYW,BIRMINGHAM COMMUNITY HEALTHCARE NHS FOUNDATION TRUST,QHL,NHS BIRMINGHAM AND SOLIHULL INTEGRATED CARE BOARD,FALSE,TRUE
RYX,CENTRAL LONDON COMMUNITY HEALTHCARE NHS TRUST,NA,NHS ENGLAND LONDON,TRUE,FALSE
RYY,KENT COMMUNITY HEALTH NHS FOUNDATION TRUST,QKS,NHS KENT AND MEDWAY INTEGRATED CARE BOARD,TRUE,TRUE
S0L9O,ACES BIRMINGHAM,QHL,NHS BIRMINGHAM AND SOLIHULL INTEGRATED CARE BOARD,FALSE,TRUE
S1Z4X,NEWMEDICA - BIRMINGHAM,QHL,NHS BIRMINGHAM AND SOLIHULL INTEGRATED CARE BOARD,FALSE,TRUE
S3H9L,THE HAMPTONS HOSPITAL LTD,S1Y5D,NHS CENTRAL EAST INTEGRATED CARE BOARD,FALSE,TRUE
S4E3I,MIDLAND EYE (EYE-DOCS LTD),QHL,NHS BIRMINGHAM AND SOLIHULL INTEGRATED CARE BOARD,FALSE,TRUE
S5D8W,ACES MIDDLESBOROUGH,QHM,NHS NORTH EAST AND NORTH CUMBRIA INTEGRATED CARE BOARD,FALSE,TRUE
S8O6A,ACES MANCHESTER TRAFFORD,QOP,NHS GREATER MANCHESTER INTEGRATED CARE BOARD,FALSE,TRUE
T1I9W,ACES LINCOLN,QJM,NHS LINCOLNSHIRE INTEGRATED CARE BOARD,FALSE,TRUE
T1T4S,ACES BRISTOL,QUY,"NHS BRISTOL, NORTH SOMERSET AND SOUTH GLOUCESTERSHIRE INTEGRATED CARE BOARD",FALSE,TRUE
T4I8V,SPAMEDICA CHESTERFIELD,QJ2,NHS DERBY AND DERBYSHIRE INTEGRATED CARE BOARD,FALSE,TRUE
T8R5I,SPAMEDICA WOKINGHAM,S0E4D,NHS THAMES VALLEY INTEGRATED CARE BOARD,FALSE,TRUE
T8V3L,SPAMEDICA DONCASTER,QF7,NHS SOUTH YORKSHIRE INTEGRATED CARE BOARD,FALSE,TRUE
TAD,BRADFORD DISTRICT CARE NHS FOUNDATION TRUST,QWO,NHS WEST YORKSHIRE INTEGRATED CARE BOARD,FALSE,TRUE
U0K8N,CES MEDICAL,QKS,NHS KENT AND MEDWAY INTEGRATED CARE BOARD,FALSE,TRUE
U1I3L,UK VEIN CLINIC LTD,Z9B2Z,NHS WEST AND NORTH LONDON INTEGRATED CARE BOARD,FALSE,TRUE
U1P4Z,ACES MILTON KEYNES,S1Y5D,NHS CENTRAL EAST INTEGRATED CARE BOARD,FALSE,TRUE
U6A5N,ACES CHISWICK,Z9B2Z,NHS WEST AND NORTH LONDON INTEGRATED CARE BOARD,FALSE,TRUE
V3J9W,PASTEL HEALTH,QMF,NHS NORTH EAST LONDON INTEGRATED CARE BOARD,FALSE,TRUE
V4U1Y,SPAMEDICA CHESTER,QYG,NHS CHESHIRE AND MERSEYSIDE INTEGRATED CARE BOARD,FALSE,TRUE
V5F1D,SPAMEDICA TELFORD,QOC,"NHS SHROPSHIRE, TELFORD AND WREKIN INTEGRATED CARE BOARD",FALSE,TRUE
V8A3H,SPAMEDICA SHEFFIELD COMMUNITY DIAGNOSTIC & TREATMENT CENTRE,QF7,NHS SOUTH YORKSHIRE INTEGRATED CARE BOARD,FALSE,TRUE
V8N5R,SPAMEDICA DALSTON,QMF,NHS NORTH EAST LONDON INTEGRATED CARE BOARD,FALSE,TRUE
W7J4C,ACES MANCHESTER,QOP,NHS GREATER MANCHESTER INTEGRATED CARE BOARD,FALSE,TRUE
X0R3Y,ACES LEEDS KING STREET,QWO,NHS WEST YORKSHIRE INTEGRATED CARE BOARD,FALSE,TRUE
X1M4L,ACES MAIDSTONE,QKS,NHS KENT AND MEDWAY INTEGRATED CARE BOARD,FALSE,TRUE
X7M7U,ACES LAKESIDE,D7T5G,NHS ESSEX INTEGRATED CARE BOARD,FALSE,TRUE
X7Y2H,ACES WILMSLOW,QYG,NHS CHESHIRE AND MERSEYSIDE INTEGRATED CARE BOARD,FALSE,TRUE
Y02428,PUTNOE WALK IN CENTRE,NA,NHS ENGLAND EAST OF ENGLAND,TRUE,FALSE
Y02532,MIRIAM MINOR EMERGENCY,NA,NHS ENGLAND NORTH WEST,TRUE,FALSE
Y02676,BRIGHTON STATION HEALTH CENTRE,NA,NHS ENGLAND SOUTH EAST,TRUE,FALSE
Y7W8F,ACES SOUTHAMPTON - EAST ST,QRL,NHS HAMPSHIRE AND ISLE OF WIGHT INTEGRATED CARE BOARD,FALSE,TRUE
Y8L9S,SPAMEDICA BROMLEY,QKK,NHS SOUTH EAST LONDON INTEGRATED CARE BOARD,FALSE,TRUE
Y9S1N,FAIRFIELD INDEPENDENT HOSPITAL,QYG,NHS CHESHIRE AND MERSEYSIDE INTEGRATED CARE BOARD,FALSE,TRUE
Z1E5F,NEWMEDICA - HARROGATE,QOQ,NHS HUMBER AND NORTH YORKSHIRE INTEGRATED CARE BOARD,FALSE,TRUE
Z2L9B,NEWMEDICA - MANCHESTER WEST,QOP,NHS GREATER MANCHESTER INTEGRATED CARE BOARD,FALSE,TRUE
Z4F8Y,ACES DARTFORD,QKS,NHS KENT AND MEDWAY INTEGRATED CARE BOARD,FALSE,TRUE
Z5J5V,SPAMEDICA HAYDOCK,QYG,NHS CHESHIRE AND MERSEYSIDE INTEGRATED CARE BOARD,FALSE,TRUE
Z9Z1G,SPAMEDICA GATESHEAD,QHM,NHS NORTH EAST AND NORTH CUMBRIA INTEGRATED CARE BOARD,FALSE,TRUE
