metric,min,max,zero_count,negative_count
gt_00_to_01_weeks_sum_1,0,7028,343902,0
gt_01_to_02_weeks_sum_1,0,5684,350756,0
gt_02_to_03_weeks_sum_1,0,5759,351712,0
gt_03_to_04_weeks_sum_1,0,4939,358623,0
gt_04_to_05_weeks_sum_1,0,4848,355885,0
gt_05_to_06_weeks_sum_1,0,4604,358978,0
gt_06_to_07_weeks_sum_1,0,4515,359769,0
gt_07_to_08_weeks_sum_1,0,4239,365216,0
gt_08_to_09_weeks_sum_1,0,4207,369099,0
gt_09_to_10_weeks_sum_1,0,4003,372246,0
gt_10_to_11_weeks_sum_1,0,3741,372710,0
gt_11_to_12_weeks_sum_1,0,3689,374289,0
gt_12_to_13_weeks_sum_1,0,3608,380844,0
gt_13_to_14_weeks_sum_1,0,3552,379589,0
gt_14_to_15_weeks_sum_1,0,3339,382701,0
gt_15_to_16_weeks_sum_1,0,3089,385288,0
gt_16_to_17_weeks_sum_1,0,3070,392494,0
gt_17_to_18_weeks_sum_1,0,3101,396355,0
gt_18_to_19_weeks_sum_1,0,2660,397698,0
gt_19_to_20_weeks_sum_1,0,2464,398269,0
gt_20_to_21_weeks_sum_1,0,2359,400345,0
gt_21_to_22_weeks_sum_1,0,2316,406730,0
gt_22_to_23_weeks_sum_1,0,2155,409545,0
gt_23_to_24_weeks_sum_1,0,2026,408030,0
gt_24_to_25_weeks_sum_1,0,1995,409182,0
gt_25_to_26_weeks_sum_1,0,1779,414382,0
gt_26_to_27_weeks_sum_1,0,1718,418740,0
gt_27_to_28_weeks_sum_1,0,1725,415635,0
gt_28_to_29_weeks_sum_1,0,1595,417538,0
gt_29_to_30_weeks_sum_1,0,1452,419583,0
gt_30_to_31_weeks_sum_1,0,1365,424945,0
gt_31_to_32_weeks_sum_1,0,1404,424781,0
gt_32_to_33_weeks_sum_1,0,1413,423749,0
gt_33_to_34_weeks_sum_1,0,1278,425359,0
gt_34_to_35_weeks_sum_1,0,1196,427424,0
gt_35_to_36_weeks_sum_1,0,1156,431046,0
gt_36_to_37_weeks_sum_1,0,1095,430649,0
gt_37_to_38_weeks_sum_1,0,1028,431516,0
gt_38_to_39_weeks_sum_1,0,951,432816,0
gt_39_to_40_weeks_sum_1,0,922,436829,0
gt_40_to_41_weeks_sum_1,0,928,436895,0
gt_41_to_42_weeks_sum_1,0,863,437767,0
gt_42_to_43_weeks_sum_1,0,763,439084,0
gt_43_to_44_weeks_sum_1,0,755,440746,0
gt_44_to_45_weeks_sum_1,0,771,443350,0
gt_45_to_46_weeks_sum_1,0,632,444113,0
gt_46_to_47_weeks_sum_1,0,611,445146,0
gt_47_to_48_weeks_sum_1,0,643,447015,0
gt_48_to_49_weeks_sum_1,0,596,451317,0
gt_49_to_50_weeks_sum_1,0,463,450889,0
gt_50_to_51_weeks_sum_1,0,482,452679,0
gt_51_to_52_weeks_sum_1,0,461,454830,0
gt_52_to_53_weeks_sum_1,0,395,460985,0
gt_53_to_54_weeks_sum_1,0,363,463935,0
gt_54_to_55_weeks_sum_1,0,338,464842,0
gt_55_to_56_weeks_sum_1,0,307,467122,0
gt_56_to_57_weeks_sum_1,0,299,469240,0
gt_57_to_58_weeks_sum_1,0,272,472327,0
gt_58_to_59_weeks_sum_1,0,254,472950,0
gt_59_to_60_weeks_sum_1,0,236,473810,0
gt_60_to_61_weeks_sum_1,0,208,475643,0
gt_61_to_62_weeks_sum_1,0,240,478750,0
gt_62_to_63_weeks_sum_1,0,178,478798,0
gt_63_to_64_weeks_sum_1,0,177,479161,0
gt_64_to_65_weeks_sum_1,0,136,481174,0
gt_65_to_66_weeks_sum_1,0,86,486117,0
gt_66_to_67_weeks_sum_1,0,99,486784,0
gt_67_to_68_weeks_sum_1,0,79,487423,0
gt_68_to_69_weeks_sum_1,0,85,488738,0
gt_69_to_70_weeks_sum_1,0,66,489240,0
gt_70_to_71_weeks_sum_1,0,60,490353,0
gt_71_to_72_weeks_sum_1,0,85,489640,0
gt_72_to_73_weeks_sum_1,0,64,489695,0
gt_73_to_74_weeks_sum_1,0,48,490505,0
gt_74_to_75_weeks_sum_1,0,45,490092,0
gt_75_to_76_weeks_sum_1,0,56,490358,0
gt_76_to_77_weeks_sum_1,0,50,490183,0
gt_77_to_78_weeks_sum_1,0,49,490549,0
gt_78_to_79_weeks_sum_1,0,40,490256,0
gt_79_to_80_weeks_sum_1,0,51,491016,0
gt_80_to_81_weeks_sum_1,0,47,489740,0
gt_81_to_82_weeks_sum_1,0,44,490527,0
gt_82_to_83_weeks_sum_1,0,48,489321,0
gt_83_to_84_weeks_sum_1,0,41,488103,0
gt_84_to_85_weeks_sum_1,0,44,489470,0
gt_85_to_86_weeks_sum_1,0,55,489425,0
gt_86_to_87_weeks_sum_1,0,44,490899,0
gt_87_to_88_weeks_sum_1,0,38,490899,0
gt_88_to_89_weeks_sum_1,0,44,489706,0
gt_89_to_90_weeks_sum_1,0,30,489669,0
gt_90_to_91_weeks_sum_1,0,39,489742,0
gt_91_to_92_weeks_sum_1,0,33,491049,0
gt_92_to_93_weeks_sum_1,0,31,489802,0
gt_93_to_94_weeks_sum_1,0,27,488458,0
gt_94_to_95_weeks_sum_1,0,35,491410,0
gt_95_to_96_weeks_sum_1,0,26,489875,0
gt_96_to_97_weeks_sum_1,0,35,489861,0
gt_97_to_98_weeks_sum_1,0,31,490170,0
gt_98_to_99_weeks_sum_1,0,23,490193,0
gt_99_to_100_weeks_sum_1,0,26,489930,0
gt_100_to_101_weeks_sum_1,0,25,490247,0
gt_101_to_102_weeks_sum_1,0,32,490279,0
gt_102_to_103_weeks_sum_1,0,18,490004,0
gt_103_to_104_weeks_sum_1,0,28,490019,0
gt_104_weeks_sum_1,0,394,489052,0
total,0,19389,182,0
patients_with_unknown_clock_start_date,0,249,132800,0
total_all,1,108795,0,0
