column_name,data_type
period,character
provider_parent_org_code,character
provider_parent_name,character
provider_org_code,character
provider_org_name,character
commissioner_parent_org_code,character
commissioner_parent_name,character
commissioner_org_code,character
commissioner_org_name,character
rtt_part_type,character
rtt_part_description,character
treatment_function_code,character
treatment_function_name,character
gt_00_to_01_weeks_sum_1,numeric
gt_01_to_02_weeks_sum_1,numeric
gt_02_to_03_weeks_sum_1,numeric
gt_03_to_04_weeks_sum_1,numeric
gt_04_to_05_weeks_sum_1,numeric
gt_05_to_06_weeks_sum_1,numeric
gt_06_to_07_weeks_sum_1,numeric
gt_07_to_08_weeks_sum_1,numeric
gt_08_to_09_weeks_sum_1,numeric
gt_09_to_10_weeks_sum_1,numeric
gt_10_to_11_weeks_sum_1,numeric
gt_11_to_12_weeks_sum_1,numeric
gt_12_to_13_weeks_sum_1,numeric
gt_13_to_14_weeks_sum_1,numeric
gt_14_to_15_weeks_sum_1,numeric
gt_15_to_16_weeks_sum_1,numeric
gt_16_to_17_weeks_sum_1,numeric
gt_17_to_18_weeks_sum_1,numeric
gt_18_to_19_weeks_sum_1,numeric
gt_19_to_20_weeks_sum_1,numeric
gt_20_to_21_weeks_sum_1,numeric
gt_21_to_22_weeks_sum_1,numeric
gt_22_to_23_weeks_sum_1,numeric
gt_23_to_24_weeks_sum_1,numeric
gt_24_to_25_weeks_sum_1,numeric
gt_25_to_26_weeks_sum_1,numeric
gt_26_to_27_weeks_sum_1,numeric
gt_27_to_28_weeks_sum_1,numeric
gt_28_to_29_weeks_sum_1,numeric
gt_29_to_30_weeks_sum_1,numeric
gt_30_to_31_weeks_sum_1,numeric
gt_31_to_32_weeks_sum_1,numeric
gt_32_to_33_weeks_sum_1,numeric
gt_33_to_34_weeks_sum_1,numeric
gt_34_to_35_weeks_sum_1,numeric
gt_35_to_36_weeks_sum_1,numeric
gt_36_to_37_weeks_sum_1,numeric
gt_37_to_38_weeks_sum_1,numeric
gt_38_to_39_weeks_sum_1,numeric
gt_39_to_40_weeks_sum_1,numeric
gt_40_to_41_weeks_sum_1,numeric
gt_41_to_42_weeks_sum_1,numeric
gt_42_to_43_weeks_sum_1,numeric
gt_43_to_44_weeks_sum_1,numeric
gt_44_to_45_weeks_sum_1,numeric
gt_45_to_46_weeks_sum_1,numeric
gt_46_to_47_weeks_sum_1,numeric
gt_47_to_48_weeks_sum_1,numeric
gt_48_to_49_weeks_sum_1,numeric
gt_49_to_50_weeks_sum_1,numeric
gt_50_to_51_weeks_sum_1,numeric
gt_51_to_52_weeks_sum_1,numeric
gt_52_to_53_weeks_sum_1,numeric
gt_53_to_54_weeks_sum_1,numeric
gt_54_to_55_weeks_sum_1,numeric
gt_55_to_56_weeks_sum_1,numeric
gt_56_to_57_weeks_sum_1,numeric
gt_57_to_58_weeks_sum_1,numeric
gt_58_to_59_weeks_sum_1,numeric
gt_59_to_60_weeks_sum_1,numeric
gt_60_to_61_weeks_sum_1,numeric
gt_61_to_62_weeks_sum_1,numeric
gt_62_to_63_weeks_sum_1,numeric
gt_63_to_64_weeks_sum_1,numeric
gt_64_to_65_weeks_sum_1,numeric
gt_65_to_66_weeks_sum_1,numeric
gt_66_to_67_weeks_sum_1,numeric
gt_67_to_68_weeks_sum_1,numeric
gt_68_to_69_weeks_sum_1,numeric
gt_69_to_70_weeks_sum_1,numeric
gt_70_to_71_weeks_sum_1,numeric
gt_71_to_72_weeks_sum_1,numeric
gt_72_to_73_weeks_sum_1,numeric
gt_73_to_74_weeks_sum_1,numeric
gt_74_to_75_weeks_sum_1,numeric
gt_75_to_76_weeks_sum_1,numeric
gt_76_to_77_weeks_sum_1,numeric
gt_77_to_78_weeks_sum_1,numeric
gt_78_to_79_weeks_sum_1,numeric
gt_79_to_80_weeks_sum_1,numeric
gt_80_to_81_weeks_sum_1,numeric
gt_81_to_82_weeks_sum_1,numeric
gt_82_to_83_weeks_sum_1,numeric
gt_83_to_84_weeks_sum_1,numeric
gt_84_to_85_weeks_sum_1,numeric
gt_85_to_86_weeks_sum_1,numeric
gt_86_to_87_weeks_sum_1,numeric
gt_87_to_88_weeks_sum_1,numeric
gt_88_to_89_weeks_sum_1,numeric
gt_89_to_90_weeks_sum_1,numeric
gt_90_to_91_weeks_sum_1,numeric
gt_91_to_92_weeks_sum_1,numeric
gt_92_to_93_weeks_sum_1,numeric
gt_93_to_94_weeks_sum_1,numeric
gt_94_to_95_weeks_sum_1,numeric
gt_95_to_96_weeks_sum_1,numeric
gt_96_to_97_weeks_sum_1,numeric
gt_97_to_98_weeks_sum_1,numeric
gt_98_to_99_weeks_sum_1,numeric
gt_99_to_100_weeks_sum_1,numeric
gt_100_to_101_weeks_sum_1,numeric
gt_101_to_102_weeks_sum_1,numeric
gt_102_to_103_weeks_sum_1,numeric
gt_103_to_104_weeks_sum_1,numeric
gt_104_weeks_sum_1,numeric
total,numeric
patients_with_unknown_clock_start_date,numeric
total_all,numeric
source_file,character
