column_name,missing_count,missing_pct
patients_with_unknown_clock_start_date,589820,81.5
total,522421,72.18
gt_93_to_94_weeks_sum_1,234701,32.43
gt_83_to_84_weeks_sum_1,234687,32.43
gt_95_to_96_weeks_sum_1,233402,32.25
gt_102_to_103_weeks_sum_1,233397,32.25
gt_103_to_104_weeks_sum_1,233395,32.25
gt_99_to_100_weeks_sum_1,233387,32.25
gt_90_to_91_weeks_sum_1,233384,32.25
gt_96_to_97_weeks_sum_1,233383,32.25
gt_89_to_90_weeks_sum_1,233378,32.25
gt_88_to_89_weeks_sum_1,233377,32.25
gt_92_to_93_weeks_sum_1,233374,32.25
gt_84_to_85_weeks_sum_1,233359,32.24
gt_85_to_86_weeks_sum_1,233359,32.24
gt_82_to_83_weeks_sum_1,233351,32.24
gt_100_to_101_weeks_sum_1,233104,32.21
gt_98_to_99_weeks_sum_1,233101,32.21
gt_97_to_98_weeks_sum_1,233099,32.21
gt_101_to_102_weeks_sum_1,233086,32.21
gt_80_to_81_weeks_sum_1,232655,32.15
gt_91_to_92_weeks_sum_1,232065,32.06
gt_86_to_87_weeks_sum_1,232064,32.06
gt_87_to_88_weeks_sum_1,232054,32.06
gt_81_to_82_weeks_sum_1,232047,32.06
gt_78_to_79_weeks_sum_1,232045,32.06
gt_94_to_95_weeks_sum_1,231782,32.03
gt_76_to_77_weeks_sum_1,231573,32
gt_79_to_80_weeks_sum_1,231424,31.98
gt_77_to_78_weeks_sum_1,231341,31.96
gt_74_to_75_weeks_sum_1,231318,31.96
gt_75_to_76_weeks_sum_1,231209,31.95
gt_72_to_73_weeks_sum_1,230735,31.88
gt_104_weeks_sum_1,230601,31.86
gt_73_to_74_weeks_sum_1,230488,31.85
gt_71_to_72_weeks_sum_1,230189,31.81
gt_69_to_70_weeks_sum_1,229613,31.73
gt_70_to_71_weeks_sum_1,229294,31.68
gt_67_to_68_weeks_sum_1,228816,31.62
gt_68_to_69_weeks_sum_1,228702,31.6
gt_66_to_67_weeks_sum_1,228228,31.53
gt_64_to_65_weeks_sum_1,227314,31.41
gt_63_to_64_weeks_sum_1,227263,31.4
gt_65_to_66_weeks_sum_1,227023,31.37
gt_62_to_63_weeks_sum_1,226719,31.33
gt_60_to_61_weeks_sum_1,225673,31.18
gt_61_to_62_weeks_sum_1,225194,31.12
gt_59_to_60_weeks_sum_1,225107,31.1
gt_58_to_59_weeks_sum_1,224921,31.08
gt_57_to_58_weeks_sum_1,224279,30.99
gt_56_to_57_weeks_sum_1,224155,30.97
gt_55_to_56_weeks_sum_1,223507,30.88
gt_54_to_55_weeks_sum_1,223140,30.83
gt_53_to_54_weeks_sum_1,222950,30.81
gt_52_to_53_weeks_sum_1,222452,30.74
gt_51_to_52_weeks_sum_1,221517,30.61
gt_50_to_51_weeks_sum_1,221180,30.56
gt_48_to_49_weeks_sum_1,220816,30.51
gt_49_to_50_weeks_sum_1,220788,30.51
gt_47_to_48_weeks_sum_1,220172,30.42
gt_46_to_47_weeks_sum_1,219890,30.38
gt_45_to_46_weeks_sum_1,219776,30.37
gt_44_to_45_weeks_sum_1,219610,30.34
gt_43_to_44_weeks_sum_1,219103,30.27
gt_42_to_43_weeks_sum_1,218821,30.23
gt_41_to_42_weeks_sum_1,218642,30.21
gt_40_to_41_weeks_sum_1,218553,30.2
gt_39_to_40_weeks_sum_1,218511,30.19
gt_38_to_39_weeks_sum_1,217883,30.11
gt_37_to_38_weeks_sum_1,217689,30.08
gt_36_to_37_weeks_sum_1,217588,30.06
gt_35_to_36_weeks_sum_1,217547,30.06
gt_34_to_35_weeks_sum_1,216902,29.97
gt_33_to_34_weeks_sum_1,216704,29.94
gt_31_to_32_weeks_sum_1,216613,29.93
gt_30_to_31_weeks_sum_1,216579,29.93
gt_32_to_33_weeks_sum_1,216291,29.89
gt_29_to_30_weeks_sum_1,215806,29.82
gt_26_to_27_weeks_sum_1,215662,29.8
gt_28_to_29_weeks_sum_1,215474,29.77
gt_27_to_28_weeks_sum_1,215419,29.76
gt_25_to_26_weeks_sum_1,214850,29.69
gt_22_to_23_weeks_sum_1,214235,29.6
gt_24_to_25_weeks_sum_1,214159,29.59
gt_23_to_24_weeks_sum_1,214111,29.58
gt_21_to_22_weeks_sum_1,213634,29.52
gt_20_to_21_weeks_sum_1,212832,29.41
gt_19_to_20_weeks_sum_1,212455,29.36
gt_18_to_19_weeks_sum_1,212355,29.34
gt_17_to_18_weeks_sum_1,211760,29.26
gt_16_to_17_weeks_sum_1,211476,29.22
gt_15_to_16_weeks_sum_1,210352,29.06
gt_14_to_15_weeks_sum_1,210152,29.04
gt_12_to_13_weeks_sum_1,209647,28.97
gt_13_to_14_weeks_sum_1,209357,28.93
gt_11_to_12_weeks_sum_1,208760,28.84
gt_10_to_11_weeks_sum_1,208387,28.79
gt_09_to_10_weeks_sum_1,208334,28.79
gt_08_to_09_weeks_sum_1,207743,28.7
gt_07_to_08_weeks_sum_1,207188,28.63
gt_06_to_07_weeks_sum_1,206306,28.51
gt_05_to_06_weeks_sum_1,206066,28.47
gt_03_to_04_weeks_sum_1,205748,28.43
gt_04_to_05_weeks_sum_1,205283,28.36
gt_02_to_03_weeks_sum_1,204678,28.28
gt_01_to_02_weeks_sum_1,204468,28.25
gt_00_to_01_weeks_sum_1,201880,27.89
commissioner_parent_org_code,40733,5.63
commissioner_parent_name,40733,5.63
commissioner_org_name,13271,1.83
period,0,0
provider_parent_org_code,0,0
provider_parent_name,0,0
provider_org_code,0,0
provider_org_name,0,0
commissioner_org_code,0,0
rtt_part_type,0,0
rtt_part_description,0,0
treatment_function_code,0,0
treatment_function_name,0,0
total_all,0,0
source_file,0,0
